Subset,Cross-Validated MSE,Best_Subset,Best_MSE
[0],0.04742312210437312,"[0, 1, 2, 3, 4]",0.009690561596336026
[1],0.04529966596938127,"[0, 1, 2, 3, 4]",0.009690561596336026
[2],0.03604822217220447,"[0, 1, 2, 3, 4]",0.009690561596336026
[3],0.04704622841854854,"[0, 1, 2, 3, 4]",0.009690561596336026
[4],0.03411778357301655,"[0, 1, 2, 3, 4]",0.009690561596336026
[5],0.05009058325859926,"[0, 1, 2, 3, 4]",0.009690561596336026
[6],0.050172474975487116,"[0, 1, 2, 3, 4]",0.009690561596336026
[7],0.05014381715218552,"[0, 1, 2, 3, 4]",0.009690561596336026
[8],0.05011679549239305,"[0, 1, 2, 3, 4]",0.009690561596336026
[9],0.05014740951047285,"[0, 1, 2, 3, 4]",0.009690561596336026
"[0, 1]",0.04244076930269251,"[0, 1, 2, 3, 4]",0.009690561596336026
"[0, 2]",0.03308735630560093,"[0, 1, 2, 3, 4]",0.009690561596336026
"[0, 3]",0.04423883646116872,"[0, 1, 2, 3, 4]",0.009690561596336026
"[0, 4]",0.03132819698821189,"[0, 1, 2, 3, 4]",0.009690561596336026
"[0, 5]",0.047445544263120455,"[0, 1, 2, 3, 4]",0.009690561596336026
"[0, 6]",0.047539967965858854,"[0, 1, 2, 3, 4]",0.009690561596336026
"[0, 7]",0.04746230348630514,"[0, 1, 2, 3, 4]",0.009690561596336026
"[0, 8]",0.047460307513422076,"[0, 1, 2, 3, 4]",0.009690561596336026
"[0, 9]",0.04749606082820393,"[0, 1, 2, 3, 4]",0.009690561596336026
"[1, 2]",0.03123278946229659,"[0, 1, 2, 3, 4]",0.009690561596336026
"[1, 3]",0.04235288692627262,"[0, 1, 2, 3, 4]",0.009690561596336026
"[1, 4]",0.029306410025033765,"[0, 1, 2, 3, 4]",0.009690561596336026
"[1, 5]",0.045310461852967644,"[0, 1, 2, 3, 4]",0.009690561596336026
"[1, 6]",0.045401368962402135,"[0, 1, 2, 3, 4]",0.009690561596336026
"[1, 7]",0.04538228811188298,"[0, 1, 2, 3, 4]",0.009690561596336026
"[1, 8]",0.04530258491973649,"[0, 1, 2, 3, 4]",0.009690561596336026
"[1, 9]",0.045412351584135945,"[0, 1, 2, 3, 4]",0.009690561596336026
"[2, 3]",0.0328179139742729,"[0, 1, 2, 3, 4]",0.009690561596336026
"[2, 4]",0.020246809487826305,"[0, 1, 2, 3, 4]",0.009690561596336026
"[2, 5]",0.035981135464109915,"[0, 1, 2, 3, 4]",0.009690561596336026
"[2, 6]",0.03609661706956972,"[0, 1, 2, 3, 4]",0.009690561596336026
"[2, 7]",0.03606484127172667,"[0, 1, 2, 3, 4]",0.009690561596336026
"[2, 8]",0.03613399854990976,"[0, 1, 2, 3, 4]",0.009690561596336026
"[2, 9]",0.03612716311719782,"[0, 1, 2, 3, 4]",0.009690561596336026
"[3, 4]",0.03199700422941513,"[0, 1, 2, 3, 4]",0.009690561596336026
"[3, 5]",0.047067046745683336,"[0, 1, 2, 3, 4]",0.009690561596336026
"[3, 6]",0.047107756027482746,"[0, 1, 2, 3, 4]",0.009690561596336026
"[3, 7]",0.04708089981433049,"[0, 1, 2, 3, 4]",0.009690561596336026
"[3, 8]",0.04707760712511537,"[0, 1, 2, 3, 4]",0.009690561596336026
"[3, 9]",0.04710080545805128,"[0, 1, 2, 3, 4]",0.009690561596336026
"[4, 5]",0.034186509246859134,"[0, 1, 2, 3, 4]",0.009690561596336026
"[4, 6]",0.03421305496654919,"[0, 1, 2, 3, 4]",0.009690561596336026
"[4, 7]",0.0341384797987709,"[0, 1, 2, 3, 4]",0.009690561596336026
"[4, 8]",0.03412743059792326,"[0, 1, 2, 3, 4]",0.009690561596336026
"[4, 9]",0.034107799587053414,"[0, 1, 2, 3, 4]",0.009690561596336026
"[5, 6]",0.050176139847805466,"[0, 1, 2, 3, 4]",0.009690561596336026
"[5, 7]",0.05014523394142436,"[0, 1, 2, 3, 4]",0.009690561596336026
"[5, 8]",0.05012000373892288,"[0, 1, 2, 3, 4]",0.009690561596336026
"[5, 9]",0.050152252702164724,"[0, 1, 2, 3, 4]",0.009690561596336026
"[6, 7]",0.05023718041102163,"[0, 1, 2, 3, 4]",0.009690561596336026
"[6, 8]",0.05020430997618589,"[0, 1, 2, 3, 4]",0.009690561596336026
"[6, 9]",0.05023575492182134,"[0, 1, 2, 3, 4]",0.009690561596336026
"[7, 8]",0.05017189777268668,"[0, 1, 2, 3, 4]",0.009690561596336026
"[7, 9]",0.05020130400449703,"[0, 1, 2, 3, 4]",0.009690561596336026
"[8, 9]",0.05017952870549116,"[0, 1, 2, 3, 4]",0.009690561596336026
"[0, 1, 2]",0.028046337548106603,"[0, 1, 2, 3, 4]",0.009690561596336026
"[0, 1, 3]",0.039329874208610574,"[0, 1, 2, 3, 4]",0.009690561596336026
"[0, 1, 4]",0.026283036109654507,"[0, 1, 2, 3, 4]",0.009690561596336026
"[0, 1, 5]",0.04243664030083759,"[0, 1, 2, 3, 4]",0.009690561596336026
"[0, 1, 6]",0.04257302273661245,"[0, 1, 2, 3, 4]",0.009690561596336026
"[0, 1, 7]",0.04249649668070517,"[0, 1, 2, 3, 4]",0.009690561596336026
"[0, 1, 8]",0.04246340306500065,"[0, 1, 2, 3, 4]",0.009690561596336026
"[0, 1, 9]",0.042557068707467526,"[0, 1, 2, 3, 4]",0.009690561596336026
"[0, 2, 3]",0.029697268416441235,"[0, 1, 2, 3, 4]",0.009690561596336026
"[0, 2, 4]",0.017177615474692185,"[0, 1, 2, 3, 4]",0.009690561596336026
"[0, 2, 5]",0.033044890985302146,"[0, 1, 2, 3, 4]",0.009690561596336026
"[0, 2, 6]",0.0331458206223207,"[0, 1, 2, 3, 4]",0.009690561596336026
"[0, 2, 7]",0.03310588587496414,"[0, 1, 2, 3, 4]",0.009690561596336026
"[0, 2, 8]",0.033166732019183034,"[0, 1, 2, 3, 4]",0.009690561596336026
"[0, 2, 9]",0.033176638816091425,"[0, 1, 2, 3, 4]",0.009690561596336026
"[0, 3, 4]",0.029075775302899832,"[0, 1, 2, 3, 4]",0.009690561596336026
"[0, 3, 5]",0.04427057844231575,"[0, 1, 2, 3, 4]",0.009690561596336026
"[0, 3, 6]",0.044327143211459474,"[0, 1, 2, 3, 4]",0.009690561596336026
"[0, 3, 7]",0.04421944535752348,"[0, 1, 2, 3, 4]",0.009690561596336026
"[0, 3, 8]",0.04428345505498486,"[0, 1, 2, 3, 4]",0.009690561596336026
"[0, 3, 9]",0.044302689532716696,"[0, 1, 2, 3, 4]",0.009690561596336026
"[0, 4, 5]",0.03140067298774935,"[0, 1, 2, 3, 4]",0.009690561596336026
"[0, 4, 6]",0.031456451952596484,"[0, 1, 2, 3, 4]",0.009690561596336026
"[0, 4, 7]",0.03132488343855268,"[0, 1, 2, 3, 4]",0.009690561596336026
"[0, 4, 8]",0.031346933726526686,"[0, 1, 2, 3, 4]",0.009690561596336026
"[0, 4, 9]",0.03132334592754923,"[0, 1, 2, 3, 4]",0.009690561596336026
"[0, 5, 6]",0.04756056228928095,"[0, 1, 2, 3, 4]",0.009690561596336026
"[0, 5, 7]",0.04748785790351723,"[0, 1, 2, 3, 4]",0.009690561596336026
"[0, 5, 8]",0.04748315613812709,"[0, 1, 2, 3, 4]",0.009690561596336026
"[0, 5, 9]",0.047518610499891485,"[0, 1, 2, 3, 4]",0.009690561596336026
"[0, 6, 7]",0.047585838395677406,"[0, 1, 2, 3, 4]",0.009690561596336026
"[0, 6, 8]",0.04757775515304698,"[0, 1, 2, 3, 4]",0.009690561596336026
"[0, 6, 9]",0.04761339690653814,"[0, 1, 2, 3, 4]",0.009690561596336026
"[0, 7, 8]",0.04749517553325339,"[0, 1, 2, 3, 4]",0.009690561596336026
"[0, 7, 9]",0.047533000316910004,"[0, 1, 2, 3, 4]",0.009690561596336026
"[0, 8, 9]",0.047536137113701325,"[0, 1, 2, 3, 4]",0.009690561596336026
"[1, 2, 3]",0.028096957537280857,"[0, 1, 2, 3, 4]",0.009690561596336026
"[1, 2, 4]",0.015392555436342412,"[0, 1, 2, 3, 4]",0.009690561596336026
"[1, 2, 5]",0.031244515489917114,"[0, 1, 2, 3, 4]",0.009690561596336026
"[1, 2, 6]",0.03127808869242422,"[0, 1, 2, 3, 4]",0.009690561596336026
"[1, 2, 7]",0.03125529747219204,"[0, 1, 2, 3, 4]",0.009690561596336026
"[1, 2, 8]",0.03130411663227106,"[0, 1, 2, 3, 4]",0.009690561596336026
"[1, 2, 9]",0.03135507508194248,"[0, 1, 2, 3, 4]",0.009690561596336026
"[1, 3, 4]",0.02727230392720615,"[0, 1, 2, 3, 4]",0.009690561596336026
"[1, 3, 5]",0.04236313738510106,"[0, 1, 2, 3, 4]",0.009690561596336026
"[1, 3, 6]",0.042433918363823805,"[0, 1, 2, 3, 4]",0.009690561596336026
"[1, 3, 7]",0.04241425965886866,"[0, 1, 2, 3, 4]",0.009690561596336026
"[1, 3, 8]",0.04235031971776224,"[0, 1, 2, 3, 4]",0.009690561596336026
"[1, 3, 9]",0.04245758488705394,"[0, 1, 2, 3, 4]",0.009690561596336026
"[1, 4, 5]",0.029349358691283366,"[0, 1, 2, 3, 4]",0.009690561596336026
"[1, 4, 6]",0.029415024377826903,"[0, 1, 2, 3, 4]",0.009690561596336026
"[1, 4, 7]",0.029325638121962143,"[0, 1, 2, 3, 4]",0.009690561596336026
"[1, 4, 8]",0.029296824558994496,"[0, 1, 2, 3, 4]",0.009690561596336026
"[1, 4, 9]",0.02933435228634017,"[0, 1, 2, 3, 4]",0.009690561596336026
"[1, 5, 6]",0.04541215073316962,"[0, 1, 2, 3, 4]",0.009690561596336026
"[1, 5, 7]",0.045390758521013104,"[0, 1, 2, 3, 4]",0.009690561596336026
"[1, 5, 8]",0.04531415354541485,"[0, 1, 2, 3, 4]",0.009690561596336026
"[1, 5, 9]",0.045425539557236896,"[0, 1, 2, 3, 4]",0.009690561596336026
"[1, 6, 7]",0.045478172749446204,"[0, 1, 2, 3, 4]",0.009690561596336026
"[1, 6, 8]",0.04540485270065357,"[0, 1, 2, 3, 4]",0.009690561596336026
"[1, 6, 9]",0.045516059234245496,"[0, 1, 2, 3, 4]",0.009690561596336026
"[1, 7, 8]",0.04538942210924625,"[0, 1, 2, 3, 4]",0.009690561596336026
"[1, 7, 9]",0.04549166240973435,"[0, 1, 2, 3, 4]",0.009690561596336026
"[1, 8, 9]",0.045412610144808414,"[0, 1, 2, 3, 4]",0.009690561596336026
"[2, 3, 4]",0.017952911841813655,"[0, 1, 2, 3, 4]",0.009690561596336026
"[2, 3, 5]",0.03277474224702424,"[0, 1, 2, 3, 4]",0.009690561596336026
"[2, 3, 6]",0.03285016998263476,"[0, 1, 2, 3, 4]",0.009690561596336026
"[2, 3, 7]",0.0328045235930131,"[0, 1, 2, 3, 4]",0.009690561596336026
"[2, 3, 8]",0.03290791261953399,"[0, 1, 2, 3, 4]",0.009690561596336026
"[2, 3, 9]",0.03289098432637344,"[0, 1, 2, 3, 4]",0.009690561596336026
"[2, 4, 5]",0.02022824855838718,"[0, 1, 2, 3, 4]",0.009690561596336026
"[2, 4, 6]",0.020299049108318777,"[0, 1, 2, 3, 4]",0.009690561596336026
"[2, 4, 7]",0.02028393175844586,"[0, 1, 2, 3, 4]",0.009690561596336026
"[2, 4, 8]",0.020264054309837912,"[0, 1, 2, 3, 4]",0.009690561596336026
"[2, 4, 9]",0.020251682926773564,"[0, 1, 2, 3, 4]",0.009690561596336026
"[2, 5, 6]",0.036030403038691025,"[0, 1, 2, 3, 4]",0.009690561596336026
"[2, 5, 7]",0.03599424110871004,"[0, 1, 2, 3, 4]",0.009690561596336026
"[2, 5, 8]",0.036062915599331065,"[0, 1, 2, 3, 4]",0.009690561596336026
"[2, 5, 9]",0.03605668362931899,"[0, 1, 2, 3, 4]",0.009690561596336026
"[2, 6, 7]",0.036120743637523225,"[0, 1, 2, 3, 4]",0.009690561596336026
"[2, 6, 8]",0.03618183920413384,"[0, 1, 2, 3, 4]",0.009690561596336026
"[2, 6, 9]",0.036176206256258496,"[0, 1, 2, 3, 4]",0.009690561596336026
"[2, 7, 8]",0.0361458699624447,"[0, 1, 2, 3, 4]",0.009690561596336026
"[2, 7, 9]",0.03614255409655605,"[0, 1, 2, 3, 4]",0.009690561596336026
"[2, 8, 9]",0.036215535964571936,"[0, 1, 2, 3, 4]",0.009690561596336026
"[3, 4, 5]",0.03207793838850091,"[0, 1, 2, 3, 4]",0.009690561596336026
"[3, 4, 6]",0.032069361318087464,"[0, 1, 2, 3, 4]",0.009690561596336026
"[3, 4, 7]",0.03205707118733997,"[0, 1, 2, 3, 4]",0.009690561596336026
"[3, 4, 8]",0.03200632331554955,"[0, 1, 2, 3, 4]",0.009690561596336026
"[3, 4, 9]",0.03198771113971392,"[0, 1, 2, 3, 4]",0.009690561596336026
"[3, 5, 6]",0.04712809064840208,"[0, 1, 2, 3, 4]",0.009690561596336026
"[3, 5, 7]",0.04709791280570241,"[0, 1, 2, 3, 4]",0.009690561596336026
"[3, 5, 8]",0.04709713019735209,"[0, 1, 2, 3, 4]",0.009690561596336026
"[3, 5, 9]",0.04712346359835808,"[0, 1, 2, 3, 4]",0.009690561596336026
"[3, 6, 7]",0.047148567250341125,"[0, 1, 2, 3, 4]",0.009690561596336026
"[3, 6, 8]",0.04714014689624185,"[0, 1, 2, 3, 4]",0.009690561596336026
"[3, 6, 9]",0.04716444044278591,"[0, 1, 2, 3, 4]",0.009690561596336026
"[3, 7, 8]",0.04710719821812902,"[0, 1, 2, 3, 4]",0.009690561596336026
"[3, 7, 9]",0.04712955995505128,"[0, 1, 2, 3, 4]",0.009690561596336026
"[3, 8, 9]",0.04713318293857988,"[0, 1, 2, 3, 4]",0.009690561596336026
"[4, 5, 6]",0.034279068009522504,"[0, 1, 2, 3, 4]",0.009690561596336026
"[4, 5, 7]",0.03420383233389797,"[0, 1, 2, 3, 4]",0.009690561596336026
"[4, 5, 8]",0.03419518075456584,"[0, 1, 2, 3, 4]",0.009690561596336026
"[4, 5, 9]",0.03417750498252602,"[0, 1, 2, 3, 4]",0.009690561596336026
"[4, 6, 7]",0.034238558766413664,"[0, 1, 2, 3, 4]",0.009690561596336026
"[4, 6, 8]",0.03422332954931902,"[0, 1, 2, 3, 4]",0.009690561596336026
"[4, 6, 9]",0.03420414903555251,"[0, 1, 2, 3, 4]",0.009690561596336026
"[4, 7, 8]",0.03414934261975253,"[0, 1, 2, 3, 4]",0.009690561596336026
"[4, 7, 9]",0.03412703717633989,"[0, 1, 2, 3, 4]",0.009690561596336026
"[4, 8, 9]",0.034116520822783804,"[0, 1, 2, 3, 4]",0.009690561596336026
"[5, 6, 7]",0.05023765433354144,"[0, 1, 2, 3, 4]",0.009690561596336026
"[5, 6, 8]",0.05020643512742066,"[0, 1, 2, 3, 4]",0.009690561596336026
"[5, 6, 9]",0.0502394584215613,"[0, 1, 2, 3, 4]",0.009690561596336026
"[5, 7, 8]",0.05017206082383731,"[0, 1, 2, 3, 4]",0.009690561596336026
"[5, 7, 9]",0.05020262330657381,"[0, 1, 2, 3, 4]",0.009690561596336026
"[5, 8, 9]",0.05018276325408434,"[0, 1, 2, 3, 4]",0.009690561596336026
"[6, 7, 8]",0.05026596217371375,"[0, 1, 2, 3, 4]",0.009690561596336026
"[6, 7, 9]",0.050296031558206146,"[0, 1, 2, 3, 4]",0.009690561596336026
"[6, 8, 9]",0.05026867289157357,"[0, 1, 2, 3, 4]",0.009690561596336026
"[7, 8, 9]",0.050229084050922815,"[0, 1, 2, 3, 4]",0.009690561596336026
"[0, 1, 2, 3]",0.02473066805299349,"[0, 1, 2, 3, 4]",0.009690561596336026
"[0, 1, 2, 4]",0.012061600001023227,"[0, 1, 2, 3, 4]",0.009690561596336026
"[0, 1, 2, 5]",0.028054921519488612,"[0, 1, 2, 3, 4]",0.009690561596336026
"[0, 1, 2, 6]",0.0281008775365576,"[0, 1, 2, 3, 4]",0.009690561596336026
"[0, 1, 2, 7]",0.02806265417224722,"[0, 1, 2, 3, 4]",0.009690561596336026
"[0, 1, 2, 8]",0.028125512892609877,"[0, 1, 2, 3, 4]",0.009690561596336026
"[0, 1, 2, 9]",0.028171369850138638,"[0, 1, 2, 3, 4]",0.009690561596336026
"[0, 1, 3, 4]",0.02410075113484379,"[0, 1, 2, 3, 4]",0.009690561596336026
"[0, 1, 3, 5]",0.03931740753866125,"[0, 1, 2, 3, 4]",0.009690561596336026
"[0, 1, 3, 6]",0.039437940980146746,"[0, 1, 2, 3, 4]",0.009690561596336026
"[0, 1, 3, 7]",0.039328852373512135,"[0, 1, 2, 3, 4]",0.009690561596336026
"[0, 1, 3, 8]",0.03935418846803881,"[0, 1, 2, 3, 4]",0.009690561596336026
"[0, 1, 3, 9]",0.039435738440269145,"[0, 1, 2, 3, 4]",0.009690561596336026
"[0, 1, 4, 5]",0.026293128795112024,"[0, 1, 2, 3, 4]",0.009690561596336026
"[0, 1, 4, 6]",0.026425239719354954,"[0, 1, 2, 3, 4]",0.009690561596336026
"[0, 1, 4, 7]",0.0262710641101375,"[0, 1, 2, 3, 4]",0.009690561596336026
"[0, 1, 4, 8]",0.026299066430168706,"[0, 1, 2, 3, 4]",0.009690561596336026
"[0, 1, 4, 9]",0.026307551035159516,"[0, 1, 2, 3, 4]",0.009690561596336026
"[0, 1, 5, 6]",0.0425692767440415,"[0, 1, 2, 3, 4]",0.009690561596336026
"[0, 1, 5, 7]",0.04249541450194639,"[0, 1, 2, 3, 4]",0.009690561596336026
"[0, 1, 5, 8]",0.042461571101054627,"[0, 1, 2, 3, 4]",0.009690561596336026
"[0, 1, 5, 9]",0.04255545751912634,"[0, 1, 2, 3, 4]",0.009690561596336026
"[0, 1, 6, 7]",0.04262073239567919,"[0, 1, 2, 3, 4]",0.009690561596336026
"[0, 1, 6, 8]",0.04259640937554436,"[0, 1, 2, 3, 4]",0.009690561596336026
"[0, 1, 6, 9]",0.04269001940547421,"[0, 1, 2, 3, 4]",0.009690561596336026
"[0, 1, 7, 8]",0.042522667836554354,"[0, 1, 2, 3, 4]",0.009690561596336026
"[0, 1, 7, 9]",0.04261091800737214,"[0, 1, 2, 3, 4]",0.009690561596336026
"[0, 1, 8, 9]",0.04257835432804018,"[0, 1, 2, 3, 4]",0.009690561596336026
"[0, 2, 3, 4]",0.01473820797004074,"[0, 1, 2, 3, 4]",0.009690561596336026
"[0, 2, 3, 5]",0.029670501657618233,"[0, 1, 2, 3, 4]",0.009690561596336026
"[0, 2, 3, 6]",0.02973497521958457,"[0, 1, 2, 3, 4]",0.009690561596336026
"[0, 2, 3, 7]",0.029648321350862,"[0, 1, 2, 3, 4]",0.009690561596336026
"[0, 2, 3, 8]",0.02978775354155393,"[0, 1, 2, 3, 4]",0.009690561596336026
"[0, 2, 3, 9]",0.029777867718362154,"[0, 1, 2, 3, 4]",0.009690561596336026
"[0, 2, 4, 5]",0.01716497150038383,"[0, 1, 2, 3, 4]",0.009690561596336026
"[0, 2, 4, 6]",0.017242999861993354,"[0, 1, 2, 3, 4]",0.009690561596336026
"[0, 2, 4, 7]",0.017211474329848753,"[0, 1, 2, 3, 4]",0.009690561596336026
"[0, 2, 4, 8]",0.01718960403972805,"[0, 1, 2, 3, 4]",0.009690561596336026
"[0, 2, 4, 9]",0.017185999218061566,"[0, 1, 2, 3, 4]",0.009690561596336026
"[0, 2, 5, 6]",0.03310285380457511,"[0, 1, 2, 3, 4]",0.009690561596336026
"[0, 2, 5, 7]",0.033063311757678474,"[0, 1, 2, 3, 4]",0.009690561596336026
"[0, 2, 5, 8]",0.033122204478408454,"[0, 1, 2, 3, 4]",0.009690561596336026
"[0, 2, 5, 9]",0.03313140639288884,"[0, 1, 2, 3, 4]",0.009690561596336026
"[0, 2, 6, 7]",0.033173104702596844,"[0, 1, 2, 3, 4]",0.009690561596336026
"[0, 2, 6, 8]",0.033224200269115885,"[0, 1, 2, 3, 4]",0.009690561596336026
"[0, 2, 6, 9]",0.03323494824539479,"[0, 1, 2, 3, 4]",0.009690561596336026
"[0, 2, 7, 8]",0.03317770937164199,"[0, 1, 2, 3, 4]",0.009690561596336026
"[0, 2, 7, 9]",0.03319473832421942,"[0, 1, 2, 3, 4]",0.009690561596336026
"[0, 2, 8, 9]",0.03326171659921946,"[0, 1, 2, 3, 4]",0.009690561596336026
"[0, 3, 4, 5]",0.029155331929768845,"[0, 1, 2, 3, 4]",0.009690561596336026
"[0, 3, 4, 6]",0.029177716052415148,"[0, 1, 2, 3, 4]",0.009690561596336026
"[0, 3, 4, 7]",0.02908088024770832,"[0, 1, 2, 3, 4]",0.009690561596336026
"[0, 3, 4, 8]",0.02910044754500075,"[0, 1, 2, 3, 4]",0.009690561596336026
"[0, 3, 4, 9]",0.02907028231622011,"[0, 1, 2, 3, 4]",0.009690561596336026
"[0, 3, 5, 6]",0.04435805508985759,"[0, 1, 2, 3, 4]",0.009690561596336026
"[0, 3, 5, 7]",0.044253880289831356,"[0, 1, 2, 3, 4]",0.009690561596336026
"[0, 3, 5, 8]",0.0443161621116091,"[0, 1, 2, 3, 4]",0.009690561596336026
"[0, 3, 5, 9]",0.04433606409489937,"[0, 1, 2, 3, 4]",0.009690561596336026
"[0, 3, 6, 7]",0.04431270232875149,"[0, 1, 2, 3, 4]",0.009690561596336026
"[0, 3, 6, 8]",0.044372544302236756,"[0, 1, 2, 3, 4]",0.009690561596336026
"[0, 3, 6, 9]",0.04439203249820595,"[0, 1, 2, 3, 4]",0.009690561596336026
"[0, 3, 7, 8]",0.044258710293119605,"[0, 1, 2, 3, 4]",0.009690561596336026
"[0, 3, 7, 9]",0.04427978849169371,"[0, 1, 2, 3, 4]",0.009690561596336026
"[0, 3, 8, 9]",0.04435012278223779,"[0, 1, 2, 3, 4]",0.009690561596336026
"[0, 4, 5, 6]",0.0315254963879565,"[0, 1, 2, 3, 4]",0.009690561596336026
"[0, 4, 5, 7]",0.03139694289239672,"[0, 1, 2, 3, 4]",0.009690561596336026
"[0, 4, 5, 8]",0.031419493645668865,"[0, 1, 2, 3, 4]",0.009690561596336026
"[0, 4, 5, 9]",0.03139692373424091,"[0, 1, 2, 3, 4]",0.009690561596336026
"[0, 4, 6, 7]",0.03146090418188542,"[0, 1, 2, 3, 4]",0.009690561596336026
"[0, 4, 6, 8]",0.03147487050858711,"[0, 1, 2, 3, 4]",0.009690561596336026
"[0, 4, 6, 9]",0.031451472797188004,"[0, 1, 2, 3, 4]",0.009690561596336026
"[0, 4, 7, 8]",0.03134591315326377,"[0, 1, 2, 3, 4]",0.009690561596336026
"[0, 4, 7, 9]",0.031320042098196096,"[0, 1, 2, 3, 4]",0.009690561596336026
"[0, 4, 8, 9]",0.031341582507372664,"[0, 1, 2, 3, 4]",0.009690561596336026
"[0, 5, 6, 7]",0.04760958735997674,"[0, 1, 2, 3, 4]",0.009690561596336026
"[0, 5, 6, 8]",0.04759865050836722,"[0, 1, 2, 3, 4]",0.009690561596336026
"[0, 5, 6, 9]",0.047634150386428833,"[0, 1, 2, 3, 4]",0.009690561596336026
"[0, 5, 7, 8]",0.0475212295112591,"[0, 1, 2, 3, 4]",0.009690561596336026
"[0, 5, 7, 9]",0.047558462657306774,"[0, 1, 2, 3, 4]",0.009690561596336026
"[0, 5, 8, 9]",0.04755913814283352,"[0, 1, 2, 3, 4]",0.009690561596336026
"[0, 6, 7, 8]",0.047618710184270815,"[0, 1, 2, 3, 4]",0.009690561596336026
"[0, 6, 7, 9]",0.04765661947512921,"[0, 1, 2, 3, 4]",0.009690561596336026
"[0, 6, 8, 9]",0.04765386592970072,"[0, 1, 2, 3, 4]",0.009690561596336026
"[0, 7, 8, 9]",0.04756733184659079,"[0, 1, 2, 3, 4]",0.009690561596336026
"[1, 2, 3, 4]",0.013184078713367872,"[0, 1, 2, 3, 4]",0.009690561596336026
"[1, 2, 3, 5]",0.02811846216841888,"[0, 1, 2, 3, 4]",0.009690561596336026
"[1, 2, 3, 6]",0.028130268591459673,"[0, 1, 2, 3, 4]",0.009690561596336026
"[1, 2, 3, 7]",0.028089840421190653,"[0, 1, 2, 3, 4]",0.009690561596336026
"[1, 2, 3, 8]",0.028166623764922703,"[0, 1, 2, 3, 4]",0.009690561596336026
"[1, 2, 3, 9]",0.02821276263183988,"[0, 1, 2, 3, 4]",0.009690561596336026
"[1, 2, 4, 5]",0.015422111709128916,"[0, 1, 2, 3, 4]",0.009690561596336026
"[1, 2, 4, 6]",0.015440323318285695,"[0, 1, 2, 3, 4]",0.009690561596336026
"[1, 2, 4, 7]",0.015406696221730692,"[0, 1, 2, 3, 4]",0.009690561596336026
"[1, 2, 4, 8]",0.015406417830737734,"[0, 1, 2, 3, 4]",0.009690561596336026
"[1, 2, 4, 9]",0.015427645210128058,"[0, 1, 2, 3, 4]",0.009690561596336026
"[1, 2, 5, 6]",0.03129074737979583,"[0, 1, 2, 3, 4]",0.009690561596336026
"[1, 2, 5, 7]",0.0312634076477575,"[0, 1, 2, 3, 4]",0.009690561596336026
"[1, 2, 5, 8]",0.03131293530845893,"[0, 1, 2, 3, 4]",0.009690561596336026
"[1, 2, 5, 9]",0.031365364759685266,"[0, 1, 2, 3, 4]",0.009690561596336026
"[1, 2, 6, 7]",0.031300860202955874,"[0, 1, 2, 3, 4]",0.009690561596336026
"[1, 2, 6, 8]",0.03134861487119099,"[0, 1, 2, 3, 4]",0.009690561596336026
"[1, 2, 6, 9]",0.03140067932417428,"[0, 1, 2, 3, 4]",0.009690561596336026
"[1, 2, 7, 8]",0.031327724844483956,"[0, 1, 2, 3, 4]",0.009690561596336026
"[1, 2, 7, 9]",0.031376636924980245,"[0, 1, 2, 3, 4]",0.009690561596336026
"[1, 2, 8, 9]",0.031425371659884016,"[0, 1, 2, 3, 4]",0.009690561596336026
"[1, 3, 4, 5]",0.02731235428748232,"[0, 1, 2, 3, 4]",0.009690561596336026
"[1, 3, 4, 6]",0.027362152454420703,"[0, 1, 2, 3, 4]",0.009690561596336026
"[1, 3, 4, 7]",0.027333471021612314,"[0, 1, 2, 3, 4]",0.009690561596336026
"[1, 3, 4, 8]",0.02725763773770864,"[0, 1, 2, 3, 4]",0.009690561596336026
"[1, 3, 4, 9]",0.027300621461117048,"[0, 1, 2, 3, 4]",0.009690561596336026
"[1, 3, 5, 6]",0.04244452167957836,"[0, 1, 2, 3, 4]",0.009690561596336026
"[1, 3, 5, 7]",0.04242232440205714,"[0, 1, 2, 3, 4]",0.009690561596336026
"[1, 3, 5, 8]",0.04236155889131458,"[0, 1, 2, 3, 4]",0.009690561596336026
"[1, 3, 5, 9]",0.04247171205039815,"[0, 1, 2, 3, 4]",0.009690561596336026
"[1, 3, 6, 7]",0.0424893861355927,"[0, 1, 2, 3, 4]",0.009690561596336026
"[1, 3, 6, 8]",0.04243182989837837,"[0, 1, 2, 3, 4]",0.009690561596336026
"[1, 3, 6, 9]",0.04254103051280603,"[0, 1, 2, 3, 4]",0.009690561596336026
"[1, 3, 7, 8]",0.042412248086523344,"[0, 1, 2, 3, 4]",0.009690561596336026
"[1, 3, 7, 9]",0.042514340521093985,"[0, 1, 2, 3, 4]",0.009690561596336026
"[1, 3, 8, 9]",0.0424519941029949,"[0, 1, 2, 3, 4]",0.009690561596336026
"[1, 4, 5, 6]",0.029456886608815458,"[0, 1, 2, 3, 4]",0.009690561596336026
"[1, 4, 5, 7]",0.02936517981388851,"[0, 1, 2, 3, 4]",0.009690561596336026
"[1, 4, 5, 8]",0.02933822091792415,"[0, 1, 2, 3, 4]",0.009690561596336026
"[1, 4, 5, 9]",0.02937986627655902,"[0, 1, 2, 3, 4]",0.009690561596336026
"[1, 4, 6, 7]",0.029428997480067172,"[0, 1, 2, 3, 4]",0.009690561596336026
"[1, 4, 6, 8]",0.029407514148375648,"[0, 1, 2, 3, 4]",0.009690561596336026
"[1, 4, 6, 9]",0.029444891629597524,"[0, 1, 2, 3, 4]",0.009690561596336026
"[1, 4, 7, 8]",0.02931797188264506,"[0, 1, 2, 3, 4]",0.009690561596336026
"[1, 4, 7, 9]",0.029352750392692323,"[0, 1, 2, 3, 4]",0.009690561596336026
"[1, 4, 8, 9]",0.02932230339554671,"[0, 1, 2, 3, 4]",0.009690561596336026
"[1, 5, 6, 7]",0.04548681978828937,"[0, 1, 2, 3, 4]",0.009690561596336026
"[1, 5, 6, 8]",0.04541635235244733,"[0, 1, 2, 3, 4]",0.009690561596336026
"[1, 5, 6, 9]",0.04552920940204415,"[0, 1, 2, 3, 4]",0.009690561596336026
"[1, 5, 7, 8]",0.04539874709965845,"[0, 1, 2, 3, 4]",0.009690561596336026
"[1, 5, 7, 9]",0.04550246612710575,"[0, 1, 2, 3, 4]",0.009690561596336026
"[1, 5, 8, 9]",0.045426385947251416,"[0, 1, 2, 3, 4]",0.009690561596336026
"[1, 6, 7, 8]",0.045486085211401885,"[0, 1, 2, 3, 4]",0.009690561596336026
"[1, 6, 7, 9]",0.045589120488475174,"[0, 1, 2, 3, 4]",0.009690561596336026
"[1, 6, 8, 9]",0.045516707636218755,"[0, 1, 2, 3, 4]",0.009690561596336026
"[1, 7, 8, 9]",0.04549476248822315,"[0, 1, 2, 3, 4]",0.009690561596336026
"[2, 3, 4, 5]",0.01795430594079527,"[0, 1, 2, 3, 4]",0.009690561596336026
"[2, 3, 4, 6]",0.01798967065948217,"[0, 1, 2, 3, 4]",0.009690561596336026
"[2, 3, 4, 7]",0.018019917496090904,"[0, 1, 2, 3, 4]",0.009690561596336026
"[2, 3, 4, 8]",0.017974623137296083,"[0, 1, 2, 3, 4]",0.009690561596336026
"[2, 3, 4, 9]",0.017959530079448532,"[0, 1, 2, 3, 4]",0.009690561596336026
"[2, 3, 5, 6]",0.032808233422902615,"[0, 1, 2, 3, 4]",0.009690561596336026
"[2, 3, 5, 7]",0.03276023053419206,"[0, 1, 2, 3, 4]",0.009690561596336026
"[2, 3, 5, 8]",0.032860655013616305,"[0, 1, 2, 3, 4]",0.009690561596336026
"[2, 3, 5, 9]",0.0328456665404014,"[0, 1, 2, 3, 4]",0.009690561596336026
"[2, 3, 6, 7]",0.032842823904278604,"[0, 1, 2, 3, 4]",0.009690561596336026
"[2, 3, 6, 8]",0.03293983994671653,"[0, 1, 2, 3, 4]",0.009690561596336026
"[2, 3, 6, 9]",0.0329241091203617,"[0, 1, 2, 3, 4]",0.009690561596336026
"[2, 3, 7, 8]",0.032890193032573525,"[0, 1, 2, 3, 4]",0.009690561596336026
"[2, 3, 7, 9]",0.03287502603045263,"[0, 1, 2, 3, 4]",0.009690561596336026
"[2, 3, 8, 9]",0.0329829774303456,"[0, 1, 2, 3, 4]",0.009690561596336026
"[2, 4, 5, 6]",0.020279977615242424,"[0, 1, 2, 3, 4]",0.009690561596336026
"[2, 4, 5, 7]",0.020267495084446047,"[0, 1, 2, 3, 4]",0.009690561596336026
"[2, 4, 5, 8]",0.02024636319962334,"[0, 1, 2, 3, 4]",0.009690561596336026
"[2, 4, 5, 9]",0.020230770434347185,"[0, 1, 2, 3, 4]",0.009690561596336026
"[2, 4, 6, 7]",0.020337676494878727,"[0, 1, 2, 3, 4]",0.009690561596336026
"[2, 4, 6, 8]",0.02031550730654081,"[0, 1, 2, 3, 4]",0.009690561596336026
"[2, 4, 6, 9]",0.02030442286927927,"[0, 1, 2, 3, 4]",0.009690561596336026
"[2, 4, 7, 8]",0.020302244818986716,"[0, 1, 2, 3, 4]",0.009690561596336026
"[2, 4, 7, 9]",0.020288795049867615,"[0, 1, 2, 3, 4]",0.009690561596336026
"[2, 4, 8, 9]",0.02026784440216826,"[0, 1, 2, 3, 4]",0.009690561596336026
"[2, 5, 6, 7]",0.03605059475497686,"[0, 1, 2, 3, 4]",0.009690561596336026
"[2, 5, 6, 8]",0.03611146442316041,"[0, 1, 2, 3, 4]",0.009690561596336026
"[2, 5, 6, 9]",0.03610645260982576,"[0, 1, 2, 3, 4]",0.009690561596336026
"[2, 5, 7, 8]",0.036071845971300226,"[0, 1, 2, 3, 4]",0.009690561596336026
"[2, 5, 7, 9]",0.036068479867135295,"[0, 1, 2, 3, 4]",0.009690561596336026
"[2, 5, 8, 9]",0.03614087402674918,"[0, 1, 2, 3, 4]",0.009690561596336026
"[2, 6, 7, 8]",0.03620058862680499,"[0, 1, 2, 3, 4]",0.009690561596336026
"[2, 6, 7, 9]",0.03619884674993782,"[0, 1, 2, 3, 4]",0.009690561596336026
"[2, 6, 8, 9]",0.03626396587423129,"[0, 1, 2, 3, 4]",0.009690561596336026
"[2, 7, 8, 9]",0.036225339706356136,"[0, 1, 2, 3, 4]",0.009690561596336026
"[3, 4, 5, 6]",0.03214806642425738,"[0, 1, 2, 3, 4]",0.009690561596336026
"[3, 4, 5, 7]",0.03213105927091327,"[0, 1, 2, 3, 4]",0.009690561596336026
"[3, 4, 5, 8]",0.03208583346158472,"[0, 1, 2, 3, 4]",0.009690561596336026
"[3, 4, 5, 9]",0.032070781769571434,"[0, 1, 2, 3, 4]",0.009690561596336026
"[3, 4, 6, 7]",0.03213352816747227,"[0, 1, 2, 3, 4]",0.009690561596336026
"[3, 4, 6, 8]",0.03207954797798583,"[0, 1, 2, 3, 4]",0.009690561596336026
"[3, 4, 6, 9]",0.032061332100699814,"[0, 1, 2, 3, 4]",0.009690561596336026
"[3, 4, 7, 8]",0.03206684854862509,"[0, 1, 2, 3, 4]",0.009690561596336026
"[3, 4, 7, 9]",0.032045208756290536,"[0, 1, 2, 3, 4]",0.009690561596336026
"[3, 4, 8, 9]",0.03199622657243348,"[0, 1, 2, 3, 4]",0.009690561596336026
"[3, 5, 6, 7]",0.04716518527374134,"[0, 1, 2, 3, 4]",0.009690561596336026
"[3, 5, 6, 8]",0.04715916304775798,"[0, 1, 2, 3, 4]",0.009690561596336026
"[3, 5, 6, 9]",0.04718657844235806,"[0, 1, 2, 3, 4]",0.009690561596336026
"[3, 5, 7, 8]",0.04712316309426837,"[0, 1, 2, 3, 4]",0.009690561596336026
"[3, 5, 7, 9]",0.04714810070399042,"[0, 1, 2, 3, 4]",0.009690561596336026
"[3, 5, 8, 9]",0.047154541638146,"[0, 1, 2, 3, 4]",0.009690561596336026
"[3, 6, 7, 8]",0.04717550289163229,"[0, 1, 2, 3, 4]",0.009690561596336026
"[3, 6, 7, 9]",0.04719890094924464,"[0, 1, 2, 3, 4]",0.009690561596336026
"[3, 6, 8, 9]",0.04719786606863097,"[0, 1, 2, 3, 4]",0.009690561596336026
"[3, 7, 8, 9]",0.047155120417926556,"[0, 1, 2, 3, 4]",0.009690561596336026
"[4, 5, 6, 7]",0.0343015730139176,"[0, 1, 2, 3, 4]",0.009690561596336026
"[4, 5, 6, 8]",0.03428840735162325,"[0, 1, 2, 3, 4]",0.009690561596336026
"[4, 5, 6, 9]",0.034271119552338185,"[0, 1, 2, 3, 4]",0.009690561596336026
"[4, 5, 7, 8]",0.03421360020378161,"[0, 1, 2, 3, 4]",0.009690561596336026
"[4, 5, 7, 9]",0.03419322658257311,"[0, 1, 2, 3, 4]",0.009690561596336026
"[4, 5, 8, 9]",0.0341851211963688,"[0, 1, 2, 3, 4]",0.009690561596336026
"[4, 6, 7, 8]",0.03424994978106278,"[0, 1, 2, 3, 4]",0.009690561596336026
"[4, 6, 7, 9]",0.034228127022669294,"[0, 1, 2, 3, 4]",0.009690561596336026
"[4, 6, 8, 9]",0.03421342843633946,"[0, 1, 2, 3, 4]",0.009690561596336026
"[4, 7, 8, 9]",0.034136665882714426,"[0, 1, 2, 3, 4]",0.009690561596336026
"[5, 6, 7, 8]",0.0502651926927582,"[0, 1, 2, 3, 4]",0.009690561596336026
"[5, 6, 7, 9]",0.050296346507903544,"[0, 1, 2, 3, 4]",0.009690561596336026
"[5, 6, 8, 9]",0.05027074950412134,"[0, 1, 2, 3, 4]",0.009690561596336026
"[5, 7, 8, 9]",0.05022910222783805,"[0, 1, 2, 3, 4]",0.009690561596336026
"[6, 7, 8, 9]",0.050324375442597116,"[0, 1, 2, 3, 4]",0.009690561596336026
"[0, 1, 2, 3, 4]",0.009690561596336026,"[0, 1, 2, 3, 4]",0.009690561596336026
"[0, 1, 2, 3, 5]",0.024739888641369265,"[0, 1, 2, 3, 4]",0.009690561596336026
"[0, 1, 2, 3, 6]",0.024768588970541485,"[0, 1, 2, 3, 4]",0.009690561596336026
"[0, 1, 2, 3, 7]",0.024679588407084632,"[0, 1, 2, 3, 4]",0.009690561596336026
"[0, 1, 2, 3, 8]",0.02481533387609195,"[0, 1, 2, 3, 4]",0.009690561596336026
"[0, 1, 2, 3, 9]",0.02484605645943172,"[0, 1, 2, 3, 4]",0.009690561596336026
"[0, 1, 2, 4, 5]",0.012065538483314518,"[0, 1, 2, 3, 4]",0.009690561596336026
"[0, 1, 2, 4, 6]",0.012121911753819601,"[0, 1, 2, 3, 4]",0.009690561596336026
"[0, 1, 2, 4, 7]",0.012065174412004208,"[0, 1, 2, 3, 4]",0.009690561596336026
"[0, 1, 2, 4, 8]",0.012087713351370002,"[0, 1, 2, 3, 4]",0.009690561596336026
"[0, 1, 2, 4, 9]",0.012091775352617608,"[0, 1, 2, 3, 4]",0.009690561596336026
"[0, 1, 2, 5, 6]",0.028110051621326144,"[0, 1, 2, 3, 4]",0.009690561596336026
"[0, 1, 2, 5, 7]",0.028069945223668367,"[0, 1, 2, 3, 4]",0.009690561596336026
"[0, 1, 2, 5, 8]",0.028132744790632203,"[0, 1, 2, 3, 4]",0.009690561596336026
"[0, 1, 2, 5, 9]",0.028179509858752526,"[0, 1, 2, 3, 4]",0.009690561596336026
"[0, 1, 2, 6, 7]",0.028116725100929173,"[0, 1, 2, 3, 4]",0.009690561596336026
"[0, 1, 2, 6, 8]",0.028179332706363906,"[0, 1, 2, 3, 4]",0.009690561596336026
"[0, 1, 2, 6, 9]",0.028225340294587713,"[0, 1, 2, 3, 4]",0.009690561596336026
"[0, 1, 2, 7, 8]",0.02814094708347048,"[0, 1, 2, 3, 4]",0.009690561596336026
"[0, 1, 2, 7, 9]",0.02818711298211603,"[0, 1, 2, 3, 4]",0.009690561596336026
"[0, 1, 2, 8, 9]",0.02825226745099833,"[0, 1, 2, 3, 4]",0.009690561596336026
"[0, 1, 3, 4, 5]",0.024101888803113834,"[0, 1, 2, 3, 4]",0.009690561596336026
"[0, 1, 3, 4, 6]",0.024220746875899472,"[0, 1, 2, 3, 4]",0.009690561596336026
"[0, 1, 3, 4, 7]",0.02409975415644852,"[0, 1, 2, 3, 4]",0.009690561596336026
"[0, 1, 3, 4, 8]",0.024117989917537264,"[0, 1, 2, 3, 4]",0.009690561596336026
"[0, 1, 3, 4, 9]",0.02412411866109183,"[0, 1, 2, 3, 4]",0.009690561596336026
"[0, 1, 3, 5, 6]",0.03942665092874294,"[0, 1, 2, 3, 4]",0.009690561596336026
"[0, 1, 3, 5, 7]",0.039319479189044895,"[0, 1, 2, 3, 4]",0.009690561596336026
"[0, 1, 3, 5, 8]",0.03934452824440378,"[0, 1, 2, 3, 4]",0.009690561596336026
"[0, 1, 3, 5, 9]",0.03942689971741273,"[0, 1, 2, 3, 4]",0.009690561596336026
"[0, 1, 3, 6, 7]",0.039427756021034766,"[0, 1, 2, 3, 4]",0.009690561596336026
"[0, 1, 3, 6, 8]",0.03946297142140423,"[0, 1, 2, 3, 4]",0.009690561596336026
"[0, 1, 3, 6, 9]",0.03954508191864879,"[0, 1, 2, 3, 4]",0.009690561596336026
"[0, 1, 3, 7, 8]",0.03935441931914527,"[0, 1, 2, 3, 4]",0.009690561596336026
"[0, 1, 3, 7, 9]",0.0394320682913099,"[0, 1, 2, 3, 4]",0.009690561596336026
"[0, 1, 3, 8, 9]",0.039458398021445615,"[0, 1, 2, 3, 4]",0.009690561596336026
"[0, 1, 4, 5, 6]",0.026434738844801985,"[0, 1, 2, 3, 4]",0.009690561596336026
"[0, 1, 4, 5, 7]",0.02627941760942128,"[0, 1, 2, 3, 4]",0.009690561596336026
"[0, 1, 4, 5, 8]",0.026308254088221183,"[0, 1, 2, 3, 4]",0.009690561596336026
"[0, 1, 4, 5, 9]",0.0263201568253007,"[0, 1, 2, 3, 4]",0.009690561596336026
"[0, 1, 4, 6, 7]",0.026408946268394497,"[0, 1, 2, 3, 4]",0.009690561596336026
"[0, 1, 4, 6, 8]",0.02644288355732336,"[0, 1, 2, 3, 4]",0.009690561596336026
"[0, 1, 4, 6, 9]",0.026450452904906753,"[0, 1, 2, 3, 4]",0.009690561596336026
"[0, 1, 4, 7, 8]",0.026290764290765663,"[0, 1, 2, 3, 4]",0.009690561596336026
"[0, 1, 4, 7, 9]",0.026295819126417062,"[0, 1, 2, 3, 4]",0.009690561596336026
"[0, 1, 4, 8, 9]",0.026321248279915176,"[0, 1, 2, 3, 4]",0.009690561596336026
"[0, 1, 5, 6, 7]",0.04262002534419611,"[0, 1, 2, 3, 4]",0.009690561596336026
"[0, 1, 5, 6, 8]",0.042594841161317384,"[0, 1, 2, 3, 4]",0.009690561596336026
"[0, 1, 5, 6, 9]",0.0426888470611621,"[0, 1, 2, 3, 4]",0.009690561596336026
"[0, 1, 5, 7, 8]",0.04252377270519171,"[0, 1, 2, 3, 4]",0.009690561596336026
"[0, 1, 5, 7, 9]",0.04261225004711497,"[0, 1, 2, 3, 4]",0.009690561596336026
"[0, 1, 5, 8, 9]",0.04257903136245944,"[0, 1, 2, 3, 4]",0.009690561596336026
"[0, 1, 6, 7, 8]",0.04264751037943116,"[0, 1, 2, 3, 4]",0.009690561596336026
"[0, 1, 6, 7, 9]",0.04273535262422231,"[0, 1, 2, 3, 4]",0.009690561596336026
"[0, 1, 6, 8, 9]",0.042711786564746446,"[0, 1, 2, 3, 4]",0.009690561596336026
"[0, 1, 7, 8, 9]",0.04263448857057127,"[0, 1, 2, 3, 4]",0.009690561596336026
"[0, 2, 3, 4, 5]",0.014739224095304404,"[0, 1, 2, 3, 4]",0.009690561596336026
"[0, 2, 3, 4, 6]",0.01478374034854844,"[0, 1, 2, 3, 4]",0.009690561596336026
"[0, 2, 3, 4, 7]",0.014769189069675597,"[0, 1, 2, 3, 4]",0.009690561596336026
"[0, 2, 3, 4, 8]",0.014760871929825248,"[0, 1, 2, 3, 4]",0.009690561596336026
"[0, 2, 3, 4, 9]",0.014746438609912427,"[0, 1, 2, 3, 4]",0.009690561596336026
"[0, 2, 3, 5, 6]",0.029708426995314573,"[0, 1, 2, 3, 4]",0.009690561596336026
"[0, 2, 3, 5, 7]",0.029623984052087927,"[0, 1, 2, 3, 4]",0.009690561596336026
"[0, 2, 3, 5, 8]",0.02975905221015739,"[0, 1, 2, 3, 4]",0.009690561596336026
"[0, 2, 3, 5, 9]",0.029749381401228743,"[0, 1, 2, 3, 4]",0.009690561596336026
"[0, 2, 3, 6, 7]",0.02969215325834878,"[0, 1, 2, 3, 4]",0.009690561596336026
"[0, 2, 3, 6, 8]",0.02982475726530139,"[0, 1, 2, 3, 4]",0.009690561596336026
"[0, 2, 3, 6, 9]",0.02981582321878714,"[0, 1, 2, 3, 4]",0.009690561596336026
"[0, 2, 3, 7, 8]",0.029732871244359825,"[0, 1, 2, 3, 4]",0.009690561596336026
"[0, 2, 3, 7, 9]",0.0297277319710548,"[0, 1, 2, 3, 4]",0.009690561596336026
"[0, 2, 3, 8, 9]",0.0298735439389562,"[0, 1, 2, 3, 4]",0.009690561596336026
"[0, 2, 4, 5, 6]",0.017228514625960957,"[0, 1, 2, 3, 4]",0.009690561596336026
"[0, 2, 4, 5, 7]",0.01720118291364222,"[0, 1, 2, 3, 4]",0.009690561596336026
"[0, 2, 4, 5, 8]",0.017179350066854785,"[0, 1, 2, 3, 4]",0.009690561596336026
"[0, 2, 4, 5, 9]",0.01717184802802108,"[0, 1, 2, 3, 4]",0.009690561596336026
"[0, 2, 4, 6, 7]",0.017282764364192356,"[0, 1, 2, 3, 4]",0.009690561596336026
"[0, 2, 4, 6, 8]",0.017253095645317185,"[0, 1, 2, 3, 4]",0.009690561596336026
"[0, 2, 4, 6, 9]",0.017251055294858632,"[0, 1, 2, 3, 4]",0.009690561596336026
"[0, 2, 4, 7, 8]",0.017224560351792227,"[0, 1, 2, 3, 4]",0.009690561596336026
"[0, 2, 4, 7, 9]",0.0172204217267035,"[0, 1, 2, 3, 4]",0.009690561596336026
"[0, 2, 4, 8, 9]",0.01719861820796873,"[0, 1, 2, 3, 4]",0.009690561596336026
"[0, 2, 5, 6, 7]",0.03312966064676921,"[0, 1, 2, 3, 4]",0.009690561596336026
"[0, 2, 5, 6, 8]",0.03317885104649624,"[0, 1, 2, 3, 4]",0.009690561596336026
"[0, 2, 5, 6, 9]",0.03318914794242696,"[0, 1, 2, 3, 4]",0.009690561596336026
"[0, 2, 5, 7, 8]",0.03313365640195521,"[0, 1, 2, 3, 4]",0.009690561596336026
"[0, 2, 5, 7, 9]",0.033149298038541844,"[0, 1, 2, 3, 4]",0.009690561596336026
"[0, 2, 5, 8, 9]",0.03321423248280249,"[0, 1, 2, 3, 4]",0.009690561596336026
"[0, 2, 6, 7, 8]",0.033242836496673187,"[0, 1, 2, 3, 4]",0.009690561596336026
"[0, 2, 6, 7, 9]",0.03326145836386908,"[0, 1, 2, 3, 4]",0.009690561596336026
"[0, 2, 6, 8, 9]",0.03331887689946113,"[0, 1, 2, 3, 4]",0.009690561596336026
"[0, 2, 7, 8, 9]",0.03327139754219949,"[0, 1, 2, 3, 4]",0.009690561596336026
"[0, 3, 4, 5, 6]",0.029254705668055596,"[0, 1, 2, 3, 4]",0.009690561596336026
"[0, 3, 4, 5, 7]",0.029156206679187342,"[0, 1, 2, 3, 4]",0.009690561596336026
"[0, 3, 4, 5, 8]",0.029179871011324483,"[0, 1, 2, 3, 4]",0.009690561596336026
"[0, 3, 4, 5, 9]",0.029151923919614048,"[0, 1, 2, 3, 4]",0.009690561596336026
"[0, 3, 4, 6, 7]",0.029188878831496557,"[0, 1, 2, 3, 4]",0.009690561596336026
"[0, 3, 4, 6, 8]",0.029202383343804084,"[0, 1, 2, 3, 4]",0.009690561596336026
"[0, 3, 4, 6, 9]",0.02917241333294327,"[0, 1, 2, 3, 4]",0.009690561596336026
"[0, 3, 4, 7, 8]",0.02910818818530047,"[0, 1, 2, 3, 4]",0.009690561596336026
"[0, 3, 4, 7, 9]",0.02907481417771692,"[0, 1, 2, 3, 4]",0.009690561596336026
"[0, 3, 4, 8, 9]",0.029094611813110273,"[0, 1, 2, 3, 4]",0.009690561596336026
"[0, 3, 5, 6, 7]",0.04434624075208859,"[0, 1, 2, 3, 4]",0.009690561596336026
"[0, 3, 5, 6, 8]",0.044404337834497154,"[0, 1, 2, 3, 4]",0.009690561596336026
"[0, 3, 5, 6, 9]",0.04442464418694287,"[0, 1, 2, 3, 4]",0.009690561596336026
"[0, 3, 5, 7, 8]",0.04429409263591387,"[0, 1, 2, 3, 4]",0.009690561596336026
"[0, 3, 5, 7, 9]",0.04431559407199108,"[0, 1, 2, 3, 4]",0.009690561596336026
"[0, 3, 5, 8, 9]",0.0443845559147618,"[0, 1, 2, 3, 4]",0.009690561596336026
"[0, 3, 6, 7, 8]",0.044351952905627406,"[0, 1, 2, 3, 4]",0.009690561596336026
"[0, 3, 6, 7, 9]",0.04437364818937774,"[0, 1, 2, 3, 4]",0.009690561596336026
"[0, 3, 6, 8, 9]",0.044440150846908624,"[0, 1, 2, 3, 4]",0.009690561596336026
"[0, 3, 7, 8, 9]",0.044320262961003554,"[0, 1, 2, 3, 4]",0.009690561596336026
"[0, 4, 5, 6, 7]",0.031529924004251475,"[0, 1, 2, 3, 4]",0.009690561596336026
"[0, 4, 5, 6, 8]",0.03154397716899897,"[0, 1, 2, 3, 4]",0.009690561596336026
"[0, 4, 5, 6, 9]",0.031521686718954375,"[0, 1, 2, 3, 4]",0.009690561596336026
"[0, 4, 5, 7, 8]",0.03141784981827863,"[0, 1, 2, 3, 4]",0.009690561596336026
"[0, 4, 5, 7, 9]",0.031393122248375295,"[0, 1, 2, 3, 4]",0.009690561596336026
"[0, 4, 5, 8, 9]",0.031415242889415065,"[0, 1, 2, 3, 4]",0.009690561596336026
"[0, 4, 6, 7, 8]",0.0314813874159672,"[0, 1, 2, 3, 4]",0.009690561596336026
"[0, 4, 6, 7, 9]",0.0314558976256918,"[0, 1, 2, 3, 4]",0.009690561596336026
"[0, 4, 6, 8, 9]",0.031469205833456006,"[0, 1, 2, 3, 4]",0.009690561596336026
"[0, 4, 7, 8, 9]",0.03134029917606716,"[0, 1, 2, 3, 4]",0.009690561596336026
"[0, 5, 6, 7, 8]",0.04764283761876069,"[0, 1, 2, 3, 4]",0.009690561596336026
"[0, 5, 6, 7, 9]",0.0476803171488816,"[0, 1, 2, 3, 4]",0.009690561596336026
"[0, 5, 6, 8, 9]",0.047674951692163355,"[0, 1, 2, 3, 4]",0.009690561596336026
"[0, 5, 7, 8, 9]",0.04759336030981869,"[0, 1, 2, 3, 4]",0.009690561596336026
"[0, 6, 7, 8, 9]",0.04769068536920077,"[0, 1, 2, 3, 4]",0.009690561596336026
"[1, 2, 3, 4, 5]",0.013221115260156301,"[0, 1, 2, 3, 4]",0.009690561596336026
"[1, 2, 3, 4, 6]",0.013220252366634874,"[0, 1, 2, 3, 4]",0.009690561596336026
"[1, 2, 3, 4, 7]",0.013229746158098434,"[0, 1, 2, 3, 4]",0.009690561596336026
"[1, 2, 3, 4, 8]",0.013197743933494623,"[0, 1, 2, 3, 4]",0.009690561596336026
"[1, 2, 3, 4, 9]",0.013220985746568274,"[0, 1, 2, 3, 4]",0.009690561596336026
"[1, 2, 3, 5, 6]",0.028152858069414432,"[0, 1, 2, 3, 4]",0.009690561596336026
"[1, 2, 3, 5, 7]",0.028110746617680555,"[0, 1, 2, 3, 4]",0.009690561596336026
"[1, 2, 3, 5, 8]",0.02818517889470499,"[0, 1, 2, 3, 4]",0.009690561596336026
"[1, 2, 3, 5, 9]",0.028233825004963388,"[0, 1, 2, 3, 4]",0.009690561596336026
"[1, 2, 3, 6, 7]",0.02812232344657991,"[0, 1, 2, 3, 4]",0.009690561596336026
"[1, 2, 3, 6, 8]",0.028199145584004298,"[0, 1, 2, 3, 4]",0.009690561596336026
"[1, 2, 3, 6, 9]",0.02824663720016416,"[0, 1, 2, 3, 4]",0.009690561596336026
"[1, 2, 3, 7, 8]",0.02815961908919659,"[0, 1, 2, 3, 4]",0.009690561596336026
"[1, 2, 3, 7, 9]",0.02820393972637051,"[0, 1, 2, 3, 4]",0.009690561596336026
"[1, 2, 3, 8, 9]",0.0282805609047549,"[0, 1, 2, 3, 4]",0.009690561596336026
"[1, 2, 4, 5, 6]",0.01546998721849066,"[0, 1, 2, 3, 4]",0.009690561596336026
"[1, 2, 4, 5, 7]",0.015437001194223355,"[0, 1, 2, 3, 4]",0.009690561596336026
"[1, 2, 4, 5, 8]",0.015434831125325779,"[0, 1, 2, 3, 4]",0.009690561596336026
"[1, 2, 4, 5, 9]",0.015456329873431157,"[0, 1, 2, 3, 4]",0.009690561596336026
"[1, 2, 4, 6, 7]",0.015451417261172384,"[0, 1, 2, 3, 4]",0.009690561596336026
"[1, 2, 4, 6, 8]",0.015454811527889583,"[0, 1, 2, 3, 4]",0.009690561596336026
"[1, 2, 4, 6, 9]",0.01547609771718286,"[0, 1, 2, 3, 4]",0.009690561596336026
"[1, 2, 4, 7, 8]",0.015421148573923436,"[0, 1, 2, 3, 4]",0.009690561596336026
"[1, 2, 4, 7, 9]",0.015441974288791117,"[0, 1, 2, 3, 4]",0.009690561596336026
"[1, 2, 4, 8, 9]",0.015439016389225974,"[0, 1, 2, 3, 4]",0.009690561596336026
"[1, 2, 5, 6, 7]",0.03130985068715004,"[0, 1, 2, 3, 4]",0.009690561596336026
"[1, 2, 5, 6, 8]",0.031358361682877055,"[0, 1, 2, 3, 4]",0.009690561596336026
"[1, 2, 5, 6, 9]",0.03141180997832982,"[0, 1, 2, 3, 4]",0.009690561596336026
"[1, 2, 5, 7, 8]",0.031333136727232515,"[0, 1, 2, 3, 4]",0.009690561596336026
"[1, 2, 5, 7, 9]",0.03138331096479904,"[0, 1, 2, 3, 4]",0.009690561596336026
"[1, 2, 5, 8, 9]",0.03143257099881348,"[0, 1, 2, 3, 4]",0.009690561596336026
"[1, 2, 6, 7, 8]",0.031372313884802855,"[0, 1, 2, 3, 4]",0.009690561596336026
"[1, 2, 6, 7, 9]",0.03142213814987997,"[0, 1, 2, 3, 4]",0.009690561596336026
"[1, 2, 6, 8, 9]",0.03147010488309275,"[0, 1, 2, 3, 4]",0.009690561596336026
"[1, 2, 7, 8, 9]",0.03144724932785324,"[0, 1, 2, 3, 4]",0.009690561596336026
"[1, 3, 4, 5, 6]",0.027401368286210044,"[0, 1, 2, 3, 4]",0.009690561596336026
"[1, 3, 4, 5, 7]",0.027367373149879925,"[0, 1, 2, 3, 4]",0.009690561596336026
"[1, 3, 4, 5, 8]",0.027295828515581648,"[0, 1, 2, 3, 4]",0.009690561596336026
"[1, 3, 4, 5, 9]",0.027344209270163,"[0, 1, 2, 3, 4]",0.009690561596336026
"[1, 3, 4, 6, 7]",0.027417816922739008,"[0, 1, 2, 3, 4]",0.009690561596336026
"[1, 3, 4, 6, 8]",0.027349521961301037,"[0, 1, 2, 3, 4]",0.009690561596336026
"[1, 3, 4, 6, 9]",0.027392605934144748,"[0, 1, 2, 3, 4]",0.009690561596336026
"[1, 3, 4, 7, 8]",0.027318832237840558,"[0, 1, 2, 3, 4]",0.009690561596336026
"[1, 3, 4, 7, 9]",0.02736044694164359,"[0, 1, 2, 3, 4]",0.009690561596336026
"[1, 3, 4, 8, 9]",0.027283387504163415,"[0, 1, 2, 3, 4]",0.009690561596336026
"[1, 3, 5, 6, 7]",0.04249793934773314,"[0, 1, 2, 3, 4]",0.009690561596336026
"[1, 3, 5, 6, 8]",0.04244331576596796,"[0, 1, 2, 3, 4]",0.009690561596336026
"[1, 3, 5, 6, 9]",0.04255551923033774,"[0, 1, 2, 3, 4]",0.009690561596336026
"[1, 3, 5, 7, 8]",0.042421524718983875,"[0, 1, 2, 3, 4]",0.009690561596336026
"[1, 3, 5, 7, 9]",0.04252622638564234,"[0, 1, 2, 3, 4]",0.009690561596336026
"[1, 3, 5, 8, 9]",0.04246696403676904,"[0, 1, 2, 3, 4]",0.009690561596336026
"[1, 3, 6, 7, 8]",0.042487935364921285,"[0, 1, 2, 3, 4]",0.009690561596336026
"[1, 3, 6, 7, 9]",0.042591378666911005,"[0, 1, 2, 3, 4]",0.009690561596336026
"[1, 3, 6, 8, 9]",0.04253584571336188,"[0, 1, 2, 3, 4]",0.009690561596336026
"[1, 3, 7, 8, 9]",0.0425076624018801,"[0, 1, 2, 3, 4]",0.009690561596336026
"[1, 4, 5, 6, 7]",0.029467738871924713,"[0, 1, 2, 3, 4]",0.009690561596336026
"[1, 4, 5, 6, 8]",0.029447704765233552,"[0, 1, 2, 3, 4]",0.009690561596336026
"[1, 4, 5, 6, 9]",0.029489314259630535,"[0, 1, 2, 3, 4]",0.009690561596336026
"[1, 4, 5, 7, 8]",0.0293560576352083,"[0, 1, 2, 3, 4]",0.009690561596336026
"[1, 4, 5, 7, 9]",0.029394846499196048,"[0, 1, 2, 3, 4]",0.009690561596336026
"[1, 4, 5, 8, 9]",0.029366056971209364,"[0, 1, 2, 3, 4]",0.009690561596336026
"[1, 4, 6, 7, 8]",0.029423331660607344,"[0, 1, 2, 3, 4]",0.009690561596336026
"[1, 4, 6, 7, 9]",0.029457980097329584,"[0, 1, 2, 3, 4]",0.009690561596336026
"[1, 4, 6, 8, 9]",0.029434808959044295,"[0, 1, 2, 3, 4]",0.009690561596336026
"[1, 4, 7, 8, 9]",0.02934228424193751,"[0, 1, 2, 3, 4]",0.009690561596336026
"[1, 5, 6, 7, 8]",0.04549552973968961,"[0, 1, 2, 3, 4]",0.009690561596336026
"[1, 5, 6, 7, 9]",0.045600078192202256,"[0, 1, 2, 3, 4]",0.009690561596336026
"[1, 5, 6, 8, 9]",0.04553039321649407,"[0, 1, 2, 3, 4]",0.009690561596336026
"[1, 5, 7, 8, 9]",0.045506264346010364,"[0, 1, 2, 3, 4]",0.009690561596336026
"[1, 6, 7, 8, 9]",0.04559281590005967,"[0, 1, 2, 3, 4]",0.009690561596336026
"[2, 3, 4, 5, 6]",0.017990883128597427,"[0, 1, 2, 3, 4]",0.009690561596336026
"[2, 3, 4, 5, 7]",0.01802183579709018,"[0, 1, 2, 3, 4]",0.009690561596336026
"[2, 3, 4, 5, 8]",0.017976000695047106,"[0, 1, 2, 3, 4]",0.009690561596336026
"[2, 3, 4, 5, 9]",0.01795926680994655,"[0, 1, 2, 3, 4]",0.009690561596336026
"[2, 3, 4, 6, 7]",0.018056583594563285,"[0, 1, 2, 3, 4]",0.009690561596336026
"[2, 3, 4, 6, 8]",0.018010976758307224,"[0, 1, 2, 3, 4]",0.009690561596336026
"[2, 3, 4, 6, 9]",0.017996854461969136,"[0, 1, 2, 3, 4]",0.009690561596336026
"[2, 3, 4, 7, 8]",0.01804410407265549,"[0, 1, 2, 3, 4]",0.009690561596336026
"[2, 3, 4, 7, 9]",0.018025897128784635,"[0, 1, 2, 3, 4]",0.009690561596336026
"[2, 3, 4, 8, 9]",0.01797995877972118,"[0, 1, 2, 3, 4]",0.009690561596336026
"[2, 3, 5, 6, 7]",0.032799308238953065,"[0, 1, 2, 3, 4]",0.009690561596336026
"[2, 3, 5, 6, 8]",0.0328936997675291,"[0, 1, 2, 3, 4]",0.009690561596336026
"[2, 3, 5, 6, 9]",0.032879927718208524,"[0, 1, 2, 3, 4]",0.009690561596336026
"[2, 3, 5, 7, 8]",0.032842292875547074,"[0, 1, 2, 3, 4]",0.009690561596336026
"[2, 3, 5, 7, 9]",0.03282839731328403,"[0, 1, 2, 3, 4]",0.009690561596336026
"[2, 3, 5, 8, 9]",0.0329334998213646,"[0, 1, 2, 3, 4]",0.009690561596336026
"[2, 3, 6, 7, 8]",0.032927376081319584,"[0, 1, 2, 3, 4]",0.009690561596336026
"[2, 3, 6, 7, 9]",0.032913851783820294,"[0, 1, 2, 3, 4]",0.009690561596336026
"[2, 3, 6, 8, 9]",0.0330158300886737,"[0, 1, 2, 3, 4]",0.009690561596336026
"[2, 3, 7, 8, 9]",0.03296168458473607,"[0, 1, 2, 3, 4]",0.009690561596336026
"[2, 4, 5, 6, 7]",0.02032043964276809,"[0, 1, 2, 3, 4]",0.009690561596336026
"[2, 4, 5, 6, 8]",0.02029736710632734,"[0, 1, 2, 3, 4]",0.009690561596336026
"[2, 4, 5, 6, 9]",0.020282979170848925,"[0, 1, 2, 3, 4]",0.009690561596336026
"[2, 4, 5, 7, 8]",0.02028643819327754,"[0, 1, 2, 3, 4]",0.009690561596336026
"[2, 4, 5, 7, 9]",0.020269929089882385,"[0, 1, 2, 3, 4]",0.009690561596336026
"[2, 4, 5, 8, 9]",0.02024764598793158,"[0, 1, 2, 3, 4]",0.009690561596336026
"[2, 4, 6, 7, 8]",0.020354957995903,"[0, 1, 2, 3, 4]",0.009690561596336026
"[2, 4, 6, 7, 9]",0.020343017150585042,"[0, 1, 2, 3, 4]",0.009690561596336026
"[2, 4, 6, 8, 9]",0.020319704346652187,"[0, 1, 2, 3, 4]",0.009690561596336026
"[2, 4, 7, 8, 9]",0.02030604322613911,"[0, 1, 2, 3, 4]",0.009690561596336026
"[2, 5, 6, 7, 8]",0.036126927216895595,"[0, 1, 2, 3, 4]",0.009690561596336026
"[2, 5, 6, 7, 9]",0.0361250988816996,"[0, 1, 2, 3, 4]",0.009690561596336026
"[2, 5, 6, 8, 9]",0.03618985991688787,"[0, 1, 2, 3, 4]",0.009690561596336026
"[2, 5, 7, 8, 9]",0.036147702108189836,"[0, 1, 2, 3, 4]",0.009690561596336026
"[2, 6, 7, 8, 9]",0.036280349582641036,"[0, 1, 2, 3, 4]",0.009690561596336026
"[3, 4, 5, 6, 7]",0.03220572810704229,"[0, 1, 2, 3, 4]",0.009690561596336026
"[3, 4, 5, 6, 8]",0.03215680025278307,"[0, 1, 2, 3, 4]",0.009690561596336026
"[3, 4, 5, 6, 9]",0.03214217479399283,"[0, 1, 2, 3, 4]",0.009690561596336026
"[3, 4, 5, 7, 8]",0.03213933583051408,"[0, 1, 2, 3, 4]",0.009690561596336026
"[3, 4, 5, 7, 9]",0.03212105542223424,"[0, 1, 2, 3, 4]",0.009690561596336026
"[3, 4, 5, 8, 9]",0.03207779063634022,"[0, 1, 2, 3, 4]",0.009690561596336026
"[3, 4, 6, 7, 8]",0.032143971823626605,"[0, 1, 2, 3, 4]",0.009690561596336026
"[3, 4, 6, 7, 9]",0.032122812039483854,"[0, 1, 2, 3, 4]",0.009690561596336026
"[3, 4, 6, 8, 9]",0.032070732248006356,"[0, 1, 2, 3, 4]",0.009690561596336026
"[3, 4, 7, 8, 9]",0.032053715022028265,"[0, 1, 2, 3, 4]",0.009690561596336026
"[3, 5, 6, 7, 8]",0.04719108248383265,"[0, 1, 2, 3, 4]",0.009690561596336026
"[3, 5, 6, 7, 9]",0.04721701996907851,"[0, 1, 2, 3, 4]",0.009690561596336026
"[3, 5, 6, 8, 9]",0.04721868322061308,"[0, 1, 2, 3, 4]",0.009690561596336026
"[3, 5, 7, 8, 9]",0.04717262691045722,"[0, 1, 2, 3, 4]",0.009690561596336026
"[3, 6, 7, 8, 9]",0.04722507262959218,"[0, 1, 2, 3, 4]",0.009690561596336026
"[4, 5, 6, 7, 8]",0.03431192371009395,"[0, 1, 2, 3, 4]",0.009690561596336026
"[4, 5, 6, 7, 9]",0.034291957932181365,"[0, 1, 2, 3, 4]",0.009690561596336026
"[4, 5, 6, 8, 9]",0.03427933516488049,"[0, 1, 2, 3, 4]",0.009690561596336026
"[4, 5, 7, 8, 9]",0.03420162915870156,"[0, 1, 2, 3, 4]",0.009690561596336026
"[4, 6, 7, 8, 9]",0.0342381994263154,"[0, 1, 2, 3, 4]",0.009690561596336026
"[5, 6, 7, 8, 9]",0.0503234005752198,"[0, 1, 2, 3, 4]",0.009690561596336026
"[0, 1, 2, 3, 4, 5]",0.009694867011410535,"[0, 1, 2, 3, 4]",0.009690561596336026
"[0, 1, 2, 3, 4, 6]",0.0097349233948749,"[0, 1, 2, 3, 4]",0.009690561596336026
"[0, 1, 2, 3, 4, 7]",0.009692831680567242,"[0, 1, 2, 3, 4]",0.009690561596336026
"[0, 1, 2, 3, 4, 8]",0.00972278833553534,"[0, 1, 2, 3, 4]",0.009690561596336026
"[0, 1, 2, 3, 4, 9]",0.00972044688162264,"[0, 1, 2, 3, 4]",0.009690561596336026
"[0, 1, 2, 3, 5, 6]",0.024778913106959594,"[0, 1, 2, 3, 4]",0.009690561596336026
"[0, 1, 2, 3, 5, 7]",0.024690521772858524,"[0, 1, 2, 3, 4]",0.009690561596336026
"[0, 1, 2, 3, 5, 8]",0.024823356919172916,"[0, 1, 2, 3, 4]",0.009690561596336026
"[0, 1, 2, 3, 5, 9]",0.02485547720146063,"[0, 1, 2, 3, 4]",0.009690561596336026
"[0, 1, 2, 3, 6, 7]",0.024714851057328905,"[0, 1, 2, 3, 4]",0.009690561596336026
"[0, 1, 2, 3, 6, 8]",0.02485259241308103,"[0, 1, 2, 3, 4]",0.009690561596336026
"[0, 1, 2, 3, 6, 9]",0.024883854085283964,"[0, 1, 2, 3, 4]",0.009690561596336026
"[0, 1, 2, 3, 7, 8]",0.024763783059579176,"[0, 1, 2, 3, 4]",0.009690561596336026
"[0, 1, 2, 3, 7, 9]",0.02479417586575097,"[0, 1, 2, 3, 4]",0.009690561596336026
"[0, 1, 2, 3, 8, 9]",0.024931655040756735,"[0, 1, 2, 3, 4]",0.009690561596336026
"[0, 1, 2, 4, 5, 6]",0.012125700948640423,"[0, 1, 2, 3, 4]",0.009690561596336026
"[0, 1, 2, 4, 5, 7]",0.01206881169596128,"[0, 1, 2, 3, 4]",0.009690561596336026
"[0, 1, 2, 4, 5, 8]",0.012091597958890966,"[0, 1, 2, 3, 4]",0.009690561596336026
"[0, 1, 2, 4, 5, 9]",0.012095781059773299,"[0, 1, 2, 3, 4]",0.009690561596336026
"[0, 1, 2, 4, 6, 7]",0.012124995224240145,"[0, 1, 2, 3, 4]",0.009690561596336026
"[0, 1, 2, 4, 6, 8]",0.012148075885646982,"[0, 1, 2, 3, 4]",0.009690561596336026
"[0, 1, 2, 4, 6, 9]",0.012151923247871347,"[0, 1, 2, 3, 4]",0.009690561596336026
"[0, 1, 2, 4, 7, 8]",0.012092581656782139,"[0, 1, 2, 3, 4]",0.009690561596336026
"[0, 1, 2, 4, 7, 9]",0.012095675489602362,"[0, 1, 2, 3, 4]",0.009690561596336026
"[0, 1, 2, 4, 8, 9]",0.012116866138925616,"[0, 1, 2, 3, 4]",0.009690561596336026
"[0, 1, 2, 5, 6, 7]",0.02812454540132132,"[0, 1, 2, 3, 4]",0.009690561596336026
"[0, 1, 2, 5, 6, 8]",0.028187030622900032,"[0, 1, 2, 3, 4]",0.009690561596336026
"[0, 1, 2, 5, 6, 9]",0.02823403164837906,"[0, 1, 2, 3, 4]",0.009690561596336026
"[0, 1, 2, 5, 7, 8]",0.028147102292026504,"[0, 1, 2, 3, 4]",0.009690561596336026
"[0, 1, 2, 5, 7, 9]",0.028193905081900606,"[0, 1, 2, 3, 4]",0.009690561596336026
"[0, 1, 2, 5, 8, 9]",0.028258953626809476,"[0, 1, 2, 3, 4]",0.009690561596336026
"[0, 1, 2, 6, 7, 8]",0.028193706016560117,"[0, 1, 2, 3, 4]",0.009690561596336026
"[0, 1, 2, 6, 7, 9]",0.028240133070090982,"[0, 1, 2, 3, 4]",0.009690561596336026
"[0, 1, 2, 6, 8, 9]",0.02830538036541677,"[0, 1, 2, 3, 4]",0.009690561596336026
"[0, 1, 2, 7, 8, 9]",0.02826638590006551,"[0, 1, 2, 3, 4]",0.009690561596336026
"[0, 1, 3, 4, 5, 6]",0.024221925690218245,"[0, 1, 2, 3, 4]",0.009690561596336026
"[0, 1, 3, 4, 5, 7]",0.024096071983040805,"[0, 1, 2, 3, 4]",0.009690561596336026
"[0, 1, 3, 4, 5, 8]",0.02411813872606414,"[0, 1, 2, 3, 4]",0.009690561596336026
"[0, 1, 3, 4, 5, 9]",0.024128442302309757,"[0, 1, 2, 3, 4]",0.009690561596336026
"[0, 1, 3, 4, 6, 7]",0.0242142456688109,"[0, 1, 2, 3, 4]",0.009690561596336026
"[0, 1, 3, 4, 6, 8]",0.024239617113367945,"[0, 1, 2, 3, 4]",0.009690561596336026
"[0, 1, 3, 4, 6, 9]",0.02424516195475934,"[0, 1, 2, 3, 4]",0.009690561596336026
"[0, 1, 3, 4, 7, 8]",0.024120030845848413,"[0, 1, 2, 3, 4]",0.009690561596336026
"[0, 1, 3, 4, 7, 9]",0.024123336819687813,"[0, 1, 2, 3, 4]",0.009690561596336026
"[0, 1, 3, 4, 8, 9]",0.024138905379232127,"[0, 1, 2, 3, 4]",0.009690561596336026
"[0, 1, 3, 5, 6, 7]",0.0394194179727826,"[0, 1, 2, 3, 4]",0.009690561596336026
"[0, 1, 3, 5, 6, 8]",0.03945436599698161,"[0, 1, 2, 3, 4]",0.009690561596336026
"[0, 1, 3, 5, 6, 9]",0.039537504737520976,"[0, 1, 2, 3, 4]",0.009690561596336026
"[0, 1, 3, 5, 7, 8]",0.03934782930959356,"[0, 1, 2, 3, 4]",0.009690561596336026
"[0, 1, 3, 5, 7, 9]",0.0394262772516617,"[0, 1, 2, 3, 4]",0.009690561596336026
"[0, 1, 3, 5, 8, 9]",0.039452385795213166,"[0, 1, 2, 3, 4]",0.009690561596336026
"[0, 1, 3, 6, 7, 8]",0.03945375913442256,"[0, 1, 2, 3, 4]",0.009690561596336026
"[0, 1, 3, 6, 7, 9]",0.039531722121680594,"[0, 1, 2, 3, 4]",0.009690561596336026
"[0, 1, 3, 6, 8, 9]",0.03956826544300077,"[0, 1, 2, 3, 4]",0.009690561596336026
"[0, 1, 3, 7, 8, 9]",0.03945454853015148,"[0, 1, 2, 3, 4]",0.009690561596336026
"[0, 1, 4, 5, 6, 7]",0.026416901509899053,"[0, 1, 2, 3, 4]",0.009690561596336026
"[0, 1, 4, 5, 6, 8]",0.026451345399148073,"[0, 1, 2, 3, 4]",0.009690561596336026
"[0, 1, 4, 5, 6, 9]",0.02646252417011875,"[0, 1, 2, 3, 4]",0.009690561596336026
"[0, 1, 4, 5, 7, 8]",0.02629827627792238,"[0, 1, 2, 3, 4]",0.009690561596336026
"[0, 1, 4, 5, 7, 9]",0.02630670439449393,"[0, 1, 2, 3, 4]",0.009690561596336026
"[0, 1, 4, 5, 8, 9]",0.026332933319899027,"[0, 1, 2, 3, 4]",0.009690561596336026
"[0, 1, 4, 6, 7, 8]",0.026430095947929156,"[0, 1, 2, 3, 4]",0.009690561596336026
"[0, 1, 4, 6, 7, 9]",0.026434353493255697,"[0, 1, 2, 3, 4]",0.009690561596336026
"[0, 1, 4, 6, 8, 9]",0.026465554758068322,"[0, 1, 2, 3, 4]",0.009690561596336026
"[0, 1, 4, 7, 8, 9]",0.02631294620462988,"[0, 1, 2, 3, 4]",0.009690561596336026
"[0, 1, 5, 6, 7, 8]",0.04264884658177023,"[0, 1, 2, 3, 4]",0.009690561596336026
"[0, 1, 5, 6, 7, 9]",0.04273710946105425,"[0, 1, 2, 3, 4]",0.009690561596336026
"[0, 1, 5, 6, 8, 9]",0.04271279298035867,"[0, 1, 2, 3, 4]",0.009690561596336026
"[0, 1, 5, 7, 8, 9]",0.04263803221172703,"[0, 1, 2, 3, 4]",0.009690561596336026
"[0, 1, 6, 7, 8, 9]",0.04275923590641228,"[0, 1, 2, 3, 4]",0.009690561596336026
"[0, 2, 3, 4, 5, 6]",0.014783577499882707,"[0, 1, 2, 3, 4]",0.009690561596336026
"[0, 2, 3, 4, 5, 7]",0.014770791158412452,"[0, 1, 2, 3, 4]",0.009690561596336026
"[0, 2, 3, 4, 5, 8]",0.014763533193535423,"[0, 1, 2, 3, 4]",0.009690561596336026
"[0, 2, 3, 4, 5, 9]",0.01474647622852272,"[0, 1, 2, 3, 4]",0.009690561596336026
"[0, 2, 3, 4, 6, 7]",0.014818009869700378,"[0, 1, 2, 3, 4]",0.009690561596336026
"[0, 2, 3, 4, 6, 8]",0.014804975439786686,"[0, 1, 2, 3, 4]",0.009690561596336026
"[0, 2, 3, 4, 6, 9]",0.014791855251689395,"[0, 1, 2, 3, 4]",0.009690561596336026
"[0, 2, 3, 4, 7, 8]",0.014795488211685132,"[0, 1, 2, 3, 4]",0.009690561596336026
"[0, 2, 3, 4, 7, 9]",0.01477788068995629,"[0, 1, 2, 3, 4]",0.009690561596336026
"[0, 2, 3, 4, 8, 9]",0.014769562954993817,"[0, 1, 2, 3, 4]",0.009690561596336026
"[0, 2, 3, 5, 6, 7]",0.029667611483493273,"[0, 1, 2, 3, 4]",0.009690561596336026
"[0, 2, 3, 5, 6, 8]",0.0297960451077157,"[0, 1, 2, 3, 4]",0.009690561596336026
"[0, 2, 3, 5, 6, 9]",0.02978753069044281,"[0, 1, 2, 3, 4]",0.009690561596336026
"[0, 2, 3, 5, 7, 8]",0.029707008372973687,"[0, 1, 2, 3, 4]",0.009690561596336026
"[0, 2, 3, 5, 7, 9]",0.029701533023925104,"[0, 1, 2, 3, 4]",0.009690561596336026
"[0, 2, 3, 5, 8, 9]",0.02984302551168998,"[0, 1, 2, 3, 4]",0.009690561596336026
"[0, 2, 3, 6, 7, 8]",0.02977471643028535,"[0, 1, 2, 3, 4]",0.009690561596336026
"[0, 2, 3, 6, 7, 9]",0.02977142772315557,"[0, 1, 2, 3, 4]",0.009690561596336026
"[0, 2, 3, 6, 8, 9]",0.029910732424260823,"[0, 1, 2, 3, 4]",0.009690561596336026
"[0, 2, 3, 7, 8, 9]",0.029816536588142234,"[0, 1, 2, 3, 4]",0.009690561596336026
"[0, 2, 4, 5, 6, 7]",0.01727052893566581,"[0, 1, 2, 3, 4]",0.009690561596336026
"[0, 2, 4, 5, 6, 8]",0.017240945524075384,"[0, 1, 2, 3, 4]",0.009690561596336026
"[0, 2, 4, 5, 6, 9]",0.017235099384016662,"[0, 1, 2, 3, 4]",0.009690561596336026
"[0, 2, 4, 5, 7, 8]",0.017216470513015565,"[0, 1, 2, 3, 4]",0.009690561596336026
"[0, 2, 4, 5, 7, 9]",0.017208599479538907,"[0, 1, 2, 3, 4]",0.009690561596336026
"[0, 2, 4, 5, 8, 9]",0.017186734080069176,"[0, 1, 2, 3, 4]",0.009690561596336026
"[0, 2, 4, 6, 7, 8]",0.017293568677144343,"[0, 1, 2, 3, 4]",0.009690561596336026
"[0, 2, 4, 6, 7, 9]",0.01729136512275234,"[0, 1, 2, 3, 4]",0.009690561596336026
"[0, 2, 4, 6, 8, 9]",0.017261596516460323,"[0, 1, 2, 3, 4]",0.009690561596336026
"[0, 2, 4, 7, 8, 9]",0.01723412390244574,"[0, 1, 2, 3, 4]",0.009690561596336026
"[0, 2, 5, 6, 7, 8]",0.03319766210803358,"[0, 1, 2, 3, 4]",0.009690561596336026
"[0, 2, 5, 6, 7, 9]",0.03321510149504538,"[0, 1, 2, 3, 4]",0.009690561596336026
"[0, 2, 5, 6, 8, 9]",0.033270501487035815,"[0, 1, 2, 3, 4]",0.009690561596336026
"[0, 2, 5, 7, 8, 9]",0.03322432886642736,"[0, 1, 2, 3, 4]",0.009690561596336026
"[0, 2, 6, 7, 8, 9]",0.033335822062932244,"[0, 1, 2, 3, 4]",0.009690561596336026
"[0, 3, 4, 5, 6, 7]",0.0292620427912254,"[0, 1, 2, 3, 4]",0.009690561596336026
"[0, 3, 4, 5, 6, 8]",0.029279187139397013,"[0, 1, 2, 3, 4]",0.009690561596336026
"[0, 3, 4, 5, 6, 9]",0.02925157357751631,"[0, 1, 2, 3, 4]",0.009690561596336026
"[0, 3, 4, 5, 7, 8]",0.02918316623265276,"[0, 1, 2, 3, 4]",0.009690561596336026
"[0, 3, 4, 5, 7, 9]",0.029152064115074528,"[0, 1, 2, 3, 4]",0.009690561596336026
"[0, 3, 4, 5, 8, 9]",0.029176143340901756,"[0, 1, 2, 3, 4]",0.009690561596336026
"[0, 3, 4, 6, 7, 8]",0.029215837865271953,"[0, 1, 2, 3, 4]",0.009690561596336026
"[0, 3, 4, 6, 7, 9]",0.029182955954502397,"[0, 1, 2, 3, 4]",0.009690561596336026
"[0, 3, 4, 6, 8, 9]",0.029196622466535982,"[0, 1, 2, 3, 4]",0.009690561596336026
"[0, 3, 4, 7, 8, 9]",0.029101424199555793,"[0, 1, 2, 3, 4]",0.009690561596336026
"[0, 3, 5, 6, 7, 8]",0.04438635818808512,"[0, 1, 2, 3, 4]",0.009690561596336026
"[0, 3, 5, 6, 7, 9]",0.044408626507088135,"[0, 1, 2, 3, 4]",0.009690561596336026
"[0, 3, 5, 6, 8, 9]",0.04447374648628357,"[0, 1, 2, 3, 4]",0.009690561596336026
"[0, 3, 5, 7, 8, 9]",0.04435713288498935,"[0, 1, 2, 3, 4]",0.009690561596336026
"[0, 3, 6, 7, 8, 9]",0.04441394235505874,"[0, 1, 2, 3, 4]",0.009690561596336026
"[0, 4, 5, 6, 7, 8]",0.0315502671447069,"[0, 1, 2, 3, 4]",0.009690561596336026
"[0, 4, 5, 6, 7, 9]",0.03152600204639704,"[0, 1, 2, 3, 4]",0.009690561596336026
"[0, 4, 5, 6, 8, 9]",0.03153948409917119,"[0, 1, 2, 3, 4]",0.009690561596336026
"[0, 4, 5, 7, 8, 9]",0.03141325080550918,"[0, 1, 2, 3, 4]",0.009690561596336026
"[0, 4, 6, 7, 8, 9]",0.0314754053352325,"[0, 1, 2, 3, 4]",0.009690561596336026
"[0, 5, 6, 7, 8, 9]",0.047714834701871406,"[0, 1, 2, 3, 4]",0.009690561596336026
"[1, 2, 3, 4, 5, 6]",0.013257499584006382,"[0, 1, 2, 3, 4]",0.009690561596336026
"[1, 2, 3, 4, 5, 7]",0.013266774583678937,"[0, 1, 2, 3, 4]",0.009690561596336026
"[1, 2, 3, 4, 5, 8]",0.013232927280296772,"[0, 1, 2, 3, 4]",0.009690561596336026
"[1, 2, 3, 4, 5, 9]",0.013257641287859662,"[0, 1, 2, 3, 4]",0.009690561596336026
"[1, 2, 3, 4, 6, 7]",0.013261580698087083,"[0, 1, 2, 3, 4]",0.009690561596336026
"[1, 2, 3, 4, 6, 8]",0.013234638420841677,"[0, 1, 2, 3, 4]",0.009690561596336026
"[1, 2, 3, 4, 6, 9]",0.013257945563476883,"[0, 1, 2, 3, 4]",0.009690561596336026
"[1, 2, 3, 4, 7, 8]",0.013244335330055946,"[0, 1, 2, 3, 4]",0.009690561596336026
"[1, 2, 3, 4, 7, 9]",0.013266835489242054,"[0, 1, 2, 3, 4]",0.009690561596336026
"[1, 2, 3, 4, 8, 9]",0.013231681878074534,"[0, 1, 2, 3, 4]",0.009690561596336026
"[1, 2, 3, 5, 6, 7]",0.02814420386277857,"[0, 1, 2, 3, 4]",0.009690561596336026
"[1, 2, 3, 5, 6, 8]",0.028218775787073668,"[0, 1, 2, 3, 4]",0.009690561596336026
"[1, 2, 3, 5, 6, 9]",0.02826873024108808,"[0, 1, 2, 3, 4]",0.009690561596336026
"[1, 2, 3, 5, 7, 8]",0.028177836842192088,"[0, 1, 2, 3, 4]",0.009690561596336026
"[1, 2, 3, 5, 7, 9]",0.028224404897665988,"[0, 1, 2, 3, 4]",0.009690561596336026
"[1, 2, 3, 5, 8, 9]",0.028298567955903863,"[0, 1, 2, 3, 4]",0.009690561596336026
"[1, 2, 3, 6, 7, 8]",0.0281910365183258,"[0, 1, 2, 3, 4]",0.009690561596336026
"[1, 2, 3, 6, 7, 9]",0.028236538222899465,"[0, 1, 2, 3, 4]",0.009690561596336026
"[1, 2, 3, 6, 8, 9]",0.02831366090044175,"[0, 1, 2, 3, 4]",0.009690561596336026
"[1, 2, 3, 7, 8, 9]",0.02827089121613911,"[0, 1, 2, 3, 4]",0.009690561596336026
"[1, 2, 4, 5, 6, 7]",0.01548178484996902,"[0, 1, 2, 3, 4]",0.009690561596336026
"[1, 2, 4, 5, 6, 8]",0.015483403833027945,"[0, 1, 2, 3, 4]",0.009690561596336026
"[1, 2, 4, 5, 6, 9]",0.015504877237464193,"[0, 1, 2, 3, 4]",0.009690561596336026
"[1, 2, 4, 5, 7, 8]",0.015450177134132739,"[0, 1, 2, 3, 4]",0.009690561596336026
"[1, 2, 4, 5, 7, 9]",0.015471394731123689,"[0, 1, 2, 3, 4]",0.009690561596336026
"[1, 2, 4, 5, 8, 9]",0.015466408376495298,"[0, 1, 2, 3, 4]",0.009690561596336026
"[1, 2, 4, 6, 7, 8]",0.015466343471454803,"[0, 1, 2, 3, 4]",0.009690561596336026
"[1, 2, 4, 6, 7, 9]",0.01548734440303164,"[0, 1, 2, 3, 4]",0.009690561596336026
"[1, 2, 4, 6, 8, 9]",0.015488030492541587,"[0, 1, 2, 3, 4]",0.009690561596336026
"[1, 2, 4, 7, 8, 9]",0.015453890697279976,"[0, 1, 2, 3, 4]",0.009690561596336026
"[1, 2, 5, 6, 7, 8]",0.031378632779945084,"[0, 1, 2, 3, 4]",0.009690561596336026
"[1, 2, 5, 6, 7, 9]",0.031429616131693636,"[0, 1, 2, 3, 4]",0.009690561596336026
"[1, 2, 5, 6, 8, 9]",0.031478135902121465,"[0, 1, 2, 3, 4]",0.009690561596336026
"[1, 2, 5, 7, 8, 9]",0.03145107204686209,"[0, 1, 2, 3, 4]",0.009690561596336026
"[1, 2, 6, 7, 8, 9]",0.031491692650134115,"[0, 1, 2, 3, 4]",0.009690561596336026
"[1, 3, 4, 5, 6, 7]",0.027451205227646446,"[0, 1, 2, 3, 4]",0.009690561596336026
"[1, 3, 4, 5, 6, 8]",0.02738666484559496,"[0, 1, 2, 3, 4]",0.009690561596336026
"[1, 3, 4, 5, 6, 9]",0.027435374537768432,"[0, 1, 2, 3, 4]",0.009690561596336026
"[1, 3, 4, 5, 7, 8]",0.027351120810420022,"[0, 1, 2, 3, 4]",0.009690561596336026
"[1, 3, 4, 5, 7, 9]",0.02739784162039475,"[0, 1, 2, 3, 4]",0.009690561596336026
"[1, 3, 4, 5, 8, 9]",0.02732492048174453,"[0, 1, 2, 3, 4]",0.009690561596336026
"[1, 3, 4, 6, 7, 8]",0.027405081632517637,"[0, 1, 2, 3, 4]",0.009690561596336026
"[1, 3, 4, 6, 7, 9]",0.027446826438895504,"[0, 1, 2, 3, 4]",0.009690561596336026
"[1, 3, 4, 6, 8, 9]",0.027377359764202656,"[0, 1, 2, 3, 4]",0.009690561596336026
"[1, 3, 4, 7, 8, 9]",0.02734273834297879,"[0, 1, 2, 3, 4]",0.009690561596336026
"[1, 3, 5, 6, 7, 8]",0.042497585355510334,"[0, 1, 2, 3, 4]",0.009690561596336026
"[1, 3, 5, 6, 7, 9]",0.04260375309262628,"[0, 1, 2, 3, 4]",0.009690561596336026
"[1, 3, 5, 6, 8, 9]",0.04255107244259673,"[0, 1, 2, 3, 4]",0.009690561596336026
"[1, 3, 5, 7, 8, 9]",0.04252062483571209,"[0, 1, 2, 3, 4]",0.009690561596336026
"[1, 3, 6, 7, 8, 9]",0.04258516038773145,"[0, 1, 2, 3, 4]",0.009690561596336026
"[1, 4, 5, 6, 7, 8]",0.029460509548349556,"[0, 1, 2, 3, 4]",0.009690561596336026
"[1, 4, 5, 6, 7, 9]",0.029499264966550615,"[0, 1, 2, 3, 4]",0.009690561596336026
"[1, 4, 5, 6, 8, 9]",0.02947734819091332,"[0, 1, 2, 3, 4]",0.009690561596336026
"[1, 4, 5, 7, 8, 9]",0.029382715359581597,"[0, 1, 2, 3, 4]",0.009690561596336026
"[1, 4, 6, 7, 8, 9]",0.029449410793027958,"[0, 1, 2, 3, 4]",0.009690561596336026
"[1, 5, 6, 7, 8, 9]",0.04560441708874482,"[0, 1, 2, 3, 4]",0.009690561596336026
"[2, 3, 4, 5, 6, 7]",0.018058110577166924,"[0, 1, 2, 3, 4]",0.009690561596336026
"[2, 3, 4, 5, 6, 8]",0.01801219942475905,"[0, 1, 2, 3, 4]",0.009690561596336026
"[2, 3, 4, 5, 6, 9]",0.017996416314097416,"[0, 1, 2, 3, 4]",0.009690561596336026
"[2, 3, 4, 5, 7, 8]",0.01804576855955815,"[0, 1, 2, 3, 4]",0.009690561596336026
"[2, 3, 4, 5, 7, 9]",0.018025943585752945,"[0, 1, 2, 3, 4]",0.009690561596336026
"[2, 3, 4, 5, 8, 9]",0.017979591011229996,"[0, 1, 2, 3, 4]",0.009690561596336026
"[2, 3, 4, 6, 7, 8]",0.018080034726108554,"[0, 1, 2, 3, 4]",0.009690561596336026
"[2, 3, 4, 6, 7, 9]",0.018063050581502562,"[0, 1, 2, 3, 4]",0.009690561596336026
"[2, 3, 4, 6, 8, 9]",0.018016860992237822,"[0, 1, 2, 3, 4]",0.009690561596336026
"[2, 3, 4, 7, 8, 9]",0.018048746650170124,"[0, 1, 2, 3, 4]",0.009690561596336026
"[2, 3, 5, 6, 7, 8]",0.032880215883343014,"[0, 1, 2, 3, 4]",0.009690561596336026
"[2, 3, 5, 6, 7, 9]",0.03286792181787495,"[0, 1, 2, 3, 4]",0.009690561596336026
"[2, 3, 5, 6, 8, 9]",0.03296736722787568,"[0, 1, 2, 3, 4]",0.009690561596336026
"[2, 3, 5, 7, 8, 9]",0.03291140211388406,"[0, 1, 2, 3, 4]",0.009690561596336026
"[2, 3, 6, 7, 8, 9]",0.03299939798883853,"[0, 1, 2, 3, 4]",0.009690561596336026
"[2, 4, 5, 6, 7, 8]",0.020338438160405543,"[0, 1, 2, 3, 4]",0.009690561596336026
"[2, 4, 5, 6, 7, 9]",0.02032333650596312,"[0, 1, 2, 3, 4]",0.009690561596336026
"[2, 4, 5, 6, 8, 9]",0.020299042024652048,"[0, 1, 2, 3, 4]",0.009690561596336026
"[2, 4, 5, 7, 8, 9]",0.02028765744045165,"[0, 1, 2, 3, 4]",0.009690561596336026
"[2, 4, 6, 7, 8, 9]",0.020359121511002293,"[0, 1, 2, 3, 4]",0.009690561596336026
"[2, 5, 6, 7, 8, 9]",0.036202943482321434,"[0, 1, 2, 3, 4]",0.009690561596336026
"[3, 4, 5, 6, 7, 8]",0.03221466735318042,"[0, 1, 2, 3, 4]",0.009690561596336026
"[3, 4, 5, 6, 7, 9]",0.03219687083743756,"[0, 1, 2, 3, 4]",0.009690561596336026
"[3, 4, 5, 6, 8, 9]",0.03215004030105841,"[0, 1, 2, 3, 4]",0.009690561596336026
"[3, 4, 5, 7, 8, 9]",0.03212796245793089,"[0, 1, 2, 3, 4]",0.009690561596336026
"[3, 4, 6, 7, 8, 9]",0.032131974195186264,"[0, 1, 2, 3, 4]",0.009690561596336026
"[3, 5, 6, 7, 8, 9]",0.047242170254318726,"[0, 1, 2, 3, 4]",0.009690561596336026
"[4, 5, 6, 7, 8, 9]",0.03430085937674346,"[0, 1, 2, 3, 4]",0.009690561596336026
"[0, 1, 2, 3, 4, 5, 6]",0.009739513176212022,"[0, 1, 2, 3, 4]",0.009690561596336026
"[0, 1, 2, 3, 4, 5, 7]",0.009695801503948994,"[0, 1, 2, 3, 4]",0.009690561596336026
"[0, 1, 2, 3, 4, 5, 8]",0.009726462875868234,"[0, 1, 2, 3, 4]",0.009690561596336026
"[0, 1, 2, 3, 4, 5, 9]",0.009725020841421048,"[0, 1, 2, 3, 4]",0.009690561596336026
"[0, 1, 2, 3, 4, 6, 7]",0.009734444615756909,"[0, 1, 2, 3, 4]",0.009690561596336026
"[0, 1, 2, 3, 4, 6, 8]",0.00976735489731181,"[0, 1, 2, 3, 4]",0.009690561596336026
"[0, 1, 2, 3, 4, 6, 9]",0.009764897987668626,"[0, 1, 2, 3, 4]",0.009690561596336026
"[0, 1, 2, 3, 4, 7, 8]",0.009727982049295134,"[0, 1, 2, 3, 4]",0.009690561596336026
"[0, 1, 2, 3, 4, 7, 9]",0.009723518434962972,"[0, 1, 2, 3, 4]",0.009690561596336026
"[0, 1, 2, 3, 4, 8, 9]",0.009751156120585951,"[0, 1, 2, 3, 4]",0.009690561596336026
"[0, 1, 2, 3, 5, 6, 7]",0.024726729567416384,"[0, 1, 2, 3, 4]",0.009690561596336026
"[0, 1, 2, 3, 5, 6, 8]",0.024861636566635478,"[0, 1, 2, 3, 4]",0.009690561596336026
"[0, 1, 2, 3, 5, 6, 9]",0.02489437114542805,"[0, 1, 2, 3, 4]",0.009690561596336026
"[0, 1, 2, 3, 5, 7, 8]",0.024773722003077297,"[0, 1, 2, 3, 4]",0.009690561596336026
"[0, 1, 2, 3, 5, 7, 9]",0.024805318413688805,"[0, 1, 2, 3, 4]",0.009690561596336026
"[0, 1, 2, 3, 5, 8, 9]",0.024939839481973407,"[0, 1, 2, 3, 4]",0.009690561596336026
"[0, 1, 2, 3, 6, 7, 8]",0.02479767066886711,"[0, 1, 2, 3, 4]",0.009690561596336026
"[0, 1, 2, 3, 6, 7, 9]",0.024828794374138298,"[0, 1, 2, 3, 4]",0.009690561596336026
"[0, 1, 2, 3, 6, 8, 9]",0.024968707820721227,"[0, 1, 2, 3, 4]",0.009690561596336026
"[0, 1, 2, 3, 7, 8, 9]",0.02487848846977387,"[0, 1, 2, 3, 4]",0.009690561596336026
"[0, 1, 2, 4, 5, 6, 7]",0.012128556321740331,"[0, 1, 2, 3, 4]",0.009690561596336026
"[0, 1, 2, 4, 5, 6, 8]",0.012151811156703161,"[0, 1, 2, 3, 4]",0.009690561596336026
"[0, 1, 2, 4, 5, 6, 9]",0.01215579765100403,"[0, 1, 2, 3, 4]",0.009690561596336026
"[0, 1, 2, 4, 5, 7, 8]",0.012096133676781345,"[0, 1, 2, 3, 4]",0.009690561596336026
"[0, 1, 2, 4, 5, 7, 9]",0.012099388996698478,"[0, 1, 2, 3, 4]",0.009690561596336026
"[0, 1, 2, 4, 5, 8, 9]",0.012120788676470403,"[0, 1, 2, 3, 4]",0.009690561596336026
"[0, 1, 2, 4, 6, 7, 8]",0.012152191187259536,"[0, 1, 2, 3, 4]",0.009690561596336026
"[0, 1, 2, 4, 6, 7, 9]",0.012155274501884498,"[0, 1, 2, 3, 4]",0.009690561596336026
"[0, 1, 2, 4, 6, 8, 9]",0.012176933920933023,"[0, 1, 2, 3, 4]",0.009690561596336026
"[0, 1, 2, 4, 7, 8, 9]",0.012122037630314091,"[0, 1, 2, 3, 4]",0.009690561596336026
"[0, 1, 2, 5, 6, 7, 8]",0.028200289338451257,"[0, 1, 2, 3, 4]",0.009690561596336026
"[0, 1, 2, 5, 6, 7, 9]",0.02824742667162134,"[0, 1, 2, 3, 4]",0.009690561596336026
"[0, 1, 2, 5, 6, 8, 9]",0.028312493220460266,"[0, 1, 2, 3, 4]",0.009690561596336026
"[0, 1, 2, 5, 7, 8, 9]",0.02827196720752581,"[0, 1, 2, 3, 4]",0.009690561596336026
"[0, 1, 2, 6, 7, 8, 9]",0.028317931840557982,"[0, 1, 2, 3, 4]",0.009690561596336026
"[0, 1, 3, 4, 5, 6, 7]",0.024210761522498778,"[0, 1, 2, 3, 4]",0.009690561596336026
"[0, 1, 3, 4, 5, 6, 8]",0.02423962141501344,"[0, 1, 2, 3, 4]",0.009690561596336026
"[0, 1, 3, 4, 5, 6, 9]",0.024249601010003743,"[0, 1, 2, 3, 4]",0.009690561596336026
"[0, 1, 3, 4, 5, 7, 8]",0.024115534686282712,"[0, 1, 2, 3, 4]",0.009690561596336026
"[0, 1, 3, 4, 5, 7, 9]",0.024122877622325734,"[0, 1, 2, 3, 4]",0.009690561596336026
"[0, 1, 3, 4, 5, 8, 9]",0.024142219615454926,"[0, 1, 2, 3, 4]",0.009690561596336026
"[0, 1, 3, 4, 6, 7, 8]",0.024235928184096478,"[0, 1, 2, 3, 4]",0.009690561596336026
"[0, 1, 3, 4, 6, 7, 9]",0.02423882020760979,"[0, 1, 2, 3, 4]",0.009690561596336026
"[0, 1, 3, 4, 6, 8, 9]",0.024261412889870708,"[0, 1, 2, 3, 4]",0.009690561596336026
"[0, 1, 3, 4, 7, 8, 9]",0.02414083733450944,"[0, 1, 2, 3, 4]",0.009690561596336026
"[0, 1, 3, 5, 6, 7, 8]",0.03944804627172403,"[0, 1, 2, 3, 4]",0.009690561596336026
"[0, 1, 3, 5, 6, 7, 9]",0.03952703305973556,"[0, 1, 2, 3, 4]",0.009690561596336026
"[0, 1, 3, 5, 6, 8, 9]",0.03956340278059151,"[0, 1, 2, 3, 4]",0.009690561596336026
"[0, 1, 3, 5, 7, 8, 9]",0.03945158273989058,"[0, 1, 2, 3, 4]",0.009690561596336026
"[0, 1, 3, 6, 7, 8, 9]",0.03955441188144653,"[0, 1, 2, 3, 4]",0.009690561596336026
"[0, 1, 4, 5, 6, 7, 8]",0.026437084594658506,"[0, 1, 2, 3, 4]",0.009690561596336026
"[0, 1, 4, 5, 6, 7, 9]",0.02644488651451552,"[0, 1, 2, 3, 4]",0.009690561596336026
"[0, 1, 4, 5, 6, 8, 9]",0.026476574245025624,"[0, 1, 2, 3, 4]",0.009690561596336026
"[0, 1, 4, 5, 7, 8, 9]",0.026322976579753788,"[0, 1, 2, 3, 4]",0.009690561596336026
"[0, 1, 4, 6, 7, 8, 9]",0.026452724132837085,"[0, 1, 2, 3, 4]",0.009690561596336026
"[0, 1, 5, 6, 7, 8, 9]",0.04276307061095345,"[0, 1, 2, 3, 4]",0.009690561596336026
"[0, 2, 3, 4, 5, 6, 7]",0.014818391328831528,"[0, 1, 2, 3, 4]",0.009690561596336026
"[0, 2, 3, 4, 5, 6, 8]",0.014806404364494485,"[0, 1, 2, 3, 4]",0.009690561596336026
"[0, 2, 3, 4, 5, 6, 9]",0.014790770364381558,"[0, 1, 2, 3, 4]",0.009690561596336026
"[0, 2, 3, 4, 5, 7, 8]",0.014798490904916223,"[0, 1, 2, 3, 4]",0.009690561596336026
"[0, 2, 3, 4, 5, 7, 9]",0.014778405125367688,"[0, 1, 2, 3, 4]",0.009690561596336026
"[0, 2, 3, 4, 5, 8, 9]",0.014771163391189501,"[0, 1, 2, 3, 4]",0.009690561596336026
"[0, 2, 3, 4, 6, 7, 8]",0.014842376775729341,"[0, 1, 2, 3, 4]",0.009690561596336026
"[0, 2, 3, 4, 6, 7, 9]",0.014826549852285187,"[0, 1, 2, 3, 4]",0.009690561596336026
"[0, 2, 3, 4, 6, 8, 9]",0.014813419822566417,"[0, 1, 2, 3, 4]",0.009690561596336026
"[0, 2, 3, 4, 7, 8, 9]",0.014804639528067615,"[0, 1, 2, 3, 4]",0.009690561596336026
"[0, 2, 3, 5, 6, 7, 8]",0.02974848822693534,"[0, 1, 2, 3, 4]",0.009690561596336026
"[0, 2, 3, 5, 6, 7, 9]",0.029745014744164282,"[0, 1, 2, 3, 4]",0.009690561596336026
"[0, 2, 3, 5, 6, 8, 9]",0.029880178271673403,"[0, 1, 2, 3, 4]",0.009690561596336026
"[0, 2, 3, 5, 7, 8, 9]",0.029788739929749793,"[0, 1, 2, 3, 4]",0.009690561596336026
"[0, 2, 3, 6, 7, 8, 9]",0.029858128462205084,"[0, 1, 2, 3, 4]",0.009690561596336026
"[0, 2, 4, 5, 6, 7, 8]",0.017283509319281586,"[0, 1, 2, 3, 4]",0.009690561596336026
"[0, 2, 4, 5, 6, 7, 9]",0.01727763708915854,"[0, 1, 2, 3, 4]",0.009690561596336026
"[0, 2, 4, 5, 6, 8, 9]",0.017247858044045307,"[0, 1, 2, 3, 4]",0.009690561596336026
"[0, 2, 4, 5, 7, 8, 9]",0.0172243776563833,"[0, 1, 2, 3, 4]",0.009690561596336026
"[0, 2, 4, 6, 7, 8, 9]",0.01730258456084288,"[0, 1, 2, 3, 4]",0.009690561596336026
"[0, 2, 5, 6, 7, 8, 9]",0.03328758189109115,"[0, 1, 2, 3, 4]",0.009690561596336026
"[0, 3, 4, 5, 6, 7, 8]",0.02928861281368509,"[0, 1, 2, 3, 4]",0.009690561596336026
"[0, 3, 4, 5, 6, 7, 9]",0.029258120270574516,"[0, 1, 2, 3, 4]",0.009690561596336026
"[0, 3, 4, 5, 6, 8, 9]",0.029275624436001468,"[0, 1, 2, 3, 4]",0.009690561596336026
"[0, 3, 4, 5, 7, 8, 9]",0.029178335260905984,"[0, 1, 2, 3, 4]",0.009690561596336026
"[0, 3, 4, 6, 7, 8, 9]",0.029209078785985727,"[0, 1, 2, 3, 4]",0.009690561596336026
"[0, 3, 5, 6, 7, 8, 9]",0.04444991427805713,"[0, 1, 2, 3, 4]",0.009690561596336026
"[0, 4, 5, 6, 7, 8, 9]",0.03154536708628404,"[0, 1, 2, 3, 4]",0.009690561596336026
"[1, 2, 3, 4, 5, 6, 7]",0.013298823128007295,"[0, 1, 2, 3, 4]",0.009690561596336026
"[1, 2, 3, 4, 5, 6, 8]",0.0132700416867484,"[0, 1, 2, 3, 4]",0.009690561596336026
"[1, 2, 3, 4, 5, 6, 9]",0.013294820690151718,"[0, 1, 2, 3, 4]",0.009690561596336026
"[1, 2, 3, 4, 5, 7, 8]",0.013279468311033441,"[0, 1, 2, 3, 4]",0.009690561596336026
"[1, 2, 3, 4, 5, 7, 9]",0.013303438387334842,"[0, 1, 2, 3, 4]",0.009690561596336026
"[1, 2, 3, 4, 5, 8, 9]",0.013266378087034259,"[0, 1, 2, 3, 4]",0.009690561596336026
"[1, 2, 3, 4, 6, 7, 8]",0.013276703102813803,"[0, 1, 2, 3, 4]",0.009690561596336026
"[1, 2, 3, 4, 6, 7, 9]",0.013299368592101688,"[0, 1, 2, 3, 4]",0.009690561596336026
"[1, 2, 3, 4, 6, 8, 9]",0.013269347459584704,"[0, 1, 2, 3, 4]",0.009690561596336026
"[1, 2, 3, 4, 7, 8, 9]",0.013278333619777071,"[0, 1, 2, 3, 4]",0.009690561596336026
"[1, 2, 3, 5, 6, 7, 8]",0.028210244445053823,"[0, 1, 2, 3, 4]",0.009690561596336026
"[1, 2, 3, 5, 6, 7, 9]",0.028257932145126573,"[0, 1, 2, 3, 4]",0.009690561596336026
"[1, 2, 3, 5, 6, 8, 9]",0.028332683766817773,"[0, 1, 2, 3, 4]",0.009690561596336026
"[1, 2, 3, 5, 7, 8, 9]",0.02828857761324973,"[0, 1, 2, 3, 4]",0.009690561596336026
"[1, 2, 3, 6, 7, 8, 9]",0.0283024136944544,"[0, 1, 2, 3, 4]",0.009690561596336026
"[1, 2, 4, 5, 6, 7, 8]",0.015495517429395835,"[0, 1, 2, 3, 4]",0.009690561596336026
"[1, 2, 4, 5, 6, 7, 9]",0.015516818697009882,"[0, 1, 2, 3, 4]",0.009690561596336026
"[1, 2, 4, 5, 6, 8, 9]",0.015515588622661076,"[0, 1, 2, 3, 4]",0.009690561596336026
"[1, 2, 4, 5, 7, 8, 9]",0.015481889296410662,"[0, 1, 2, 3, 4]",0.009690561596336026
"[1, 2, 4, 6, 7, 8, 9]",0.015499664942723358,"[0, 1, 2, 3, 4]",0.009690561596336026
"[1, 2, 5, 6, 7, 8, 9]",0.03149634016361712,"[0, 1, 2, 3, 4]",0.009690561596336026
"[1, 3, 4, 5, 6, 7, 8]",0.027436656082176675,"[0, 1, 2, 3, 4]",0.009690561596336026
"[1, 3, 4, 5, 6, 7, 9]",0.02748370912256589,"[0, 1, 2, 3, 4]",0.009690561596336026
"[1, 3, 4, 5, 6, 8, 9]",0.027417854898181125,"[0, 1, 2, 3, 4]",0.009690561596336026
"[1, 3, 4, 5, 7, 8, 9]",0.02737831277440813,"[0, 1, 2, 3, 4]",0.009690561596336026
"[1, 3, 4, 6, 7, 8, 9]",0.027430966937898517,"[0, 1, 2, 3, 4]",0.009690561596336026
"[1, 3, 5, 6, 7, 8, 9]",0.04259849935200294,"[0, 1, 2, 3, 4]",0.009690561596336026
"[1, 4, 5, 6, 7, 8, 9]",0.029488919864930453,"[0, 1, 2, 3, 4]",0.009690561596336026
"[2, 3, 4, 5, 6, 7, 8]",0.018081371715377288,"[0, 1, 2, 3, 4]",0.009690561596336026
"[2, 3, 4, 5, 6, 7, 9]",0.01806271810840136,"[0, 1, 2, 3, 4]",0.009690561596336026
"[2, 3, 4, 5, 6, 8, 9]",0.018016350981922682,"[0, 1, 2, 3, 4]",0.009690561596336026
"[2, 3, 4, 5, 7, 8, 9]",0.018048445861876518,"[0, 1, 2, 3, 4]",0.009690561596336026
"[2, 3, 4, 6, 7, 8, 9]",0.018085122928636798,"[0, 1, 2, 3, 4]",0.009690561596336026
"[2, 3, 5, 6, 7, 8, 9]",0.0329497731196224,"[0, 1, 2, 3, 4]",0.009690561596336026
"[2, 4, 5, 6, 7, 8, 9]",0.020340012234885615,"[0, 1, 2, 3, 4]",0.009690561596336026
"[3, 4, 5, 6, 7, 8, 9]",0.03220443120870532,"[0, 1, 2, 3, 4]",0.009690561596336026
"[0, 1, 2, 3, 4, 5, 6, 7]",0.009737783000843277,"[0, 1, 2, 3, 4]",0.009690561596336026
"[0, 1, 2, 3, 4, 5, 6, 8]",0.009771290524497534,"[0, 1, 2, 3, 4]",0.009690561596336026
"[0, 1, 2, 3, 4, 5, 6, 9]",0.009769788897434042,"[0, 1, 2, 3, 4]",0.009690561596336026
"[0, 1, 2, 3, 4, 5, 7, 8]",0.009730334166197226,"[0, 1, 2, 3, 4]",0.009690561596336026
"[0, 1, 2, 3, 4, 5, 7, 9]",0.009726793959129698,"[0, 1, 2, 3, 4]",0.009690561596336026
"[0, 1, 2, 3, 4, 5, 8, 9]",0.009755091951242623,"[0, 1, 2, 3, 4]",0.009690561596336026
"[0, 1, 2, 3, 4, 6, 7, 8]",0.009769483871494438,"[0, 1, 2, 3, 4]",0.009690561596336026
"[0, 1, 2, 3, 4, 6, 7, 9]",0.009765146068527481,"[0, 1, 2, 3, 4]",0.009690561596336026
"[0, 1, 2, 3, 4, 6, 8, 9]",0.00979570518673779,"[0, 1, 2, 3, 4]",0.009690561596336026
"[0, 1, 2, 3, 4, 7, 8, 9]",0.009757144080446648,"[0, 1, 2, 3, 4]",0.009690561596336026
"[0, 1, 2, 3, 5, 6, 7, 8]",0.02480848479786643,"[0, 1, 2, 3, 4]",0.009690561596336026
"[0, 1, 2, 3, 5, 6, 7, 9]",0.02484087677427905,"[0, 1, 2, 3, 4]",0.009690561596336026
"[0, 1, 2, 3, 5, 6, 8, 9]",0.02497790634735829,"[0, 1, 2, 3, 4]",0.009690561596336026
"[0, 1, 2, 3, 5, 7, 8, 9]",0.02488861707946726,"[0, 1, 2, 3, 4]",0.009690561596336026
"[0, 1, 2, 3, 6, 7, 8, 9]",0.024911623594599742,"[0, 1, 2, 3, 4]",0.009690561596336026
"[0, 1, 2, 4, 5, 6, 7, 8]",0.012155683731956973,"[0, 1, 2, 3, 4]",0.009690561596336026
"[0, 1, 2, 4, 5, 6, 7, 9]",0.012158928186854236,"[0, 1, 2, 3, 4]",0.009690561596336026
"[0, 1, 2, 4, 5, 6, 8, 9]",0.01218072704255985,"[0, 1, 2, 3, 4]",0.009690561596336026
"[0, 1, 2, 4, 5, 7, 8, 9]",0.012125637817845722,"[0, 1, 2, 3, 4]",0.009690561596336026
"[0, 1, 2, 4, 6, 7, 8, 9]",0.012181292137983827,"[0, 1, 2, 3, 4]",0.009690561596336026
"[0, 1, 2, 5, 6, 7, 8, 9]",0.028323912605725914,"[0, 1, 2, 3, 4]",0.009690561596336026
"[0, 1, 3, 4, 5, 6, 7, 8]",0.02423144932529667,"[0, 1, 2, 3, 4]",0.009690561596336026
"[0, 1, 3, 4, 5, 6, 7, 9]",0.02423861080659325,"[0, 1, 2, 3, 4]",0.009690561596336026
"[0, 1, 3, 4, 5, 6, 8, 9]",0.024264657250069772,"[0, 1, 2, 3, 4]",0.009690561596336026
"[0, 1, 3, 4, 5, 7, 8, 9]",0.02413954217159897,"[0, 1, 2, 3, 4]",0.009690561596336026
"[0, 1, 3, 4, 6, 7, 8, 9]",0.02425755807848181,"[0, 1, 2, 3, 4]",0.009690561596336026
"[0, 1, 3, 5, 6, 7, 8, 9]",0.03955240130676142,"[0, 1, 2, 3, 4]",0.009690561596336026
"[0, 1, 4, 5, 6, 7, 8, 9]",0.026462279097333997,"[0, 1, 2, 3, 4]",0.009690561596336026
"[0, 2, 3, 4, 5, 6, 7, 8]",0.014844143422110417,"[0, 1, 2, 3, 4]",0.009690561596336026
"[0, 2, 3, 4, 5, 6, 7, 9]",0.014825909003336394,"[0, 1, 2, 3, 4]",0.009690561596336026
"[0, 2, 3, 4, 5, 6, 8, 9]",0.014813850958689492,"[0, 1, 2, 3, 4]",0.009690561596336026
"[0, 2, 3, 4, 5, 7, 8, 9]",0.014806473624634189,"[0, 1, 2, 3, 4]",0.009690561596336026
"[0, 2, 3, 4, 6, 7, 8, 9]",0.014851231888788521,"[0, 1, 2, 3, 4]",0.009690561596336026
"[0, 2, 3, 5, 6, 7, 8, 9]",0.02982995690237304,"[0, 1, 2, 3, 4]",0.009690561596336026
"[0, 2, 4, 5, 6, 7, 8, 9]",0.01729091103590205,"[0, 1, 2, 3, 4]",0.009690561596336026
"[0, 3, 4, 5, 6, 7, 8, 9]",0.029283867958674836,"[0, 1, 2, 3, 4]",0.009690561596336026
"[1, 2, 3, 4, 5, 6, 7, 8]",0.013312072833516564,"[0, 1, 2, 3, 4]",0.009690561596336026
"[1, 2, 3, 4, 5, 6, 7, 9]",0.013336193443271246,"[0, 1, 2, 3, 4]",0.009690561596336026
"[1, 2, 3, 4, 5, 6, 8, 9]",0.013304271203558876,"[0, 1, 2, 3, 4]",0.009690561596336026
"[1, 2, 3, 4, 5, 7, 8, 9]",0.013312931662079164,"[0, 1, 2, 3, 4]",0.009690561596336026
"[1, 2, 3, 4, 6, 7, 8, 9]",0.013311374712431222,"[0, 1, 2, 3, 4]",0.009690561596336026
"[1, 2, 3, 5, 6, 7, 8, 9]",0.02832103996070696,"[0, 1, 2, 3, 4]",0.009690561596336026
"[1, 2, 4, 5, 6, 7, 8, 9]",0.015527799191939407,"[0, 1, 2, 3, 4]",0.009690561596336026
"[1, 3, 4, 5, 6, 7, 8, 9]",0.027465825186513547,"[0, 1, 2, 3, 4]",0.009690561596336026
"[2, 3, 4, 5, 6, 7, 8, 9]",0.01808451180179634,"[0, 1, 2, 3, 4]",0.009690561596336026
"[0, 1, 2, 3, 4, 5, 6, 7, 8]",0.009772196555722937,"[0, 1, 2, 3, 4]",0.009690561596336026
"[0, 1, 2, 3, 4, 5, 6, 7, 9]",0.009768814055056595,"[0, 1, 2, 3, 4]",0.009690561596336026
"[0, 1, 2, 3, 4, 5, 6, 8, 9]",0.009799936153063103,"[0, 1, 2, 3, 4]",0.009690561596336026
"[0, 1, 2, 3, 4, 5, 7, 8, 9]",0.009759795438930149,"[0, 1, 2, 3, 4]",0.009690561596336026
"[0, 1, 2, 3, 4, 6, 7, 8, 9]",0.009798555757367901,"[0, 1, 2, 3, 4]",0.009690561596336026
"[0, 1, 2, 3, 5, 6, 7, 8, 9]",0.024922622689751865,"[0, 1, 2, 3, 4]",0.009690561596336026
"[0, 1, 2, 4, 5, 6, 7, 8, 9]",0.01218485085550089,"[0, 1, 2, 3, 4]",0.009690561596336026
"[0, 1, 3, 4, 5, 6, 7, 8, 9]",0.024256333508550876,"[0, 1, 2, 3, 4]",0.009690561596336026
"[0, 2, 3, 4, 5, 6, 7, 8, 9]",0.014851890522406236,"[0, 1, 2, 3, 4]",0.009690561596336026
"[1, 2, 3, 4, 5, 6, 7, 8, 9]",0.013346215952620177,"[0, 1, 2, 3, 4]",0.009690561596336026
"[0, 1, 2, 3, 4, 5, 6, 7, 8, 9]",0.009801592922809277,"[0, 1, 2, 3, 4]",0.009690561596336026
